fotograf_id,tarih,saat,cihaz_modeli,dosya_adi,konum
1,2025-02-25,04:35:33,Samsung Galaxy A54,PHOTO_00001.jpg,Ankara
2,2024-07-13,14:21:35,Vestel Venus V7,DSC_00002.jpg,Igdir
3,2023-08-14,17:59:59,Tecno Camon 19 Pro,IMG_00003.jpg,Kayseri
4,2024-03-03,20:08:31,General Mobile GM 22,DSC_00004.jpg,Ankara
5,2023-01-10,03:15:13,Samsung Galaxy A34,DSC_00005.jpg,Izmir
6,2024-12-26,13:34:58,Vestel Venus V7,PHOTO_00006.jpg,Istanbul
7,2023-03-02,02:51:35,Vestel Venus V7,DSC_00007.jpg,Ankara
8,2024-08-19,05:49:58,Oppo A77,IMG_00008.jpg,Ankara
9,2023-02-06,19:03:54,Realme C55,PHOTO_00009.jpg,Igdir
10,2025-05-21,02:46:32,Tecno Camon 19 Pro,DSC_00010.jpg,Izmir
11,2023-05-13,19:27:05,Oppo A77,PHOTO_00011.jpg,Igdir
12,2023-11-23,13:26:30,Oppo A77,IMG_00012.jpg,Igdir
13,2023-10-19,13:13:08,Huawei Nova Y90,PHOTO_00013.jpg,Igdir
14,2025-06-13,00:59:46,Realme C55,IMG_00014.jpg,Van
15,2024-09-27,16:54:28,Casper VIA G4,DSC_00015.jpg,Diyarbakir
16,2023-06-15,20:11:25,Oppo A77,DSC_00016.jpg,Erzurum
17,2024-11-09,00:47:42,General Mobile GM 22,PHOTO_00017.jpg,Bursa
18,2023-10-09,05:14:34,Tecno Camon 19 Pro,PHOTO_00018.jpg,Ankara
19,2024-08-02,09:38:02,Huawei Nova Y90,PHOTO_00019.jpg,Izmir
20,2024-01-27,03:59:14,Xiaomi Redmi Note 12,DSC_00020.jpg,Igdir
21,2023-07-05,20:31:45,General Mobile GM 22,PHOTO_00021.jpg,Ankara
22,2023-08-15,18:27:09,Xiaomi Redmi Note 12,PHOTO_00022.jpg,Diyarbakir
23,2023-03-07,13:27:12,Casper VIA G4,DSC_00023.jpg,Diyarbakir
24,2025-04-04,00:57:54,Samsung Galaxy A54,PHOTO_00024.jpg,Erzurum
25,2023-07-04,02:37:06,Oppo A77,IMG_00025.jpg,Antalya
26,2023-01-09,03:04:46,General Mobile GM 22,IMG_00026.jpg,Van
27,2024-03-11,11:11:51,Samsung Galaxy A34,DSC_00027.jpg,Mersin
28,2023-09-23,10:24:19,Xiaomi Redmi Note 12,PHOTO_00028.jpg,Ankara
29,2024-05-02,07:45:49,Vestel Venus V7,PHOTO_00029.jpg,Gaziantep
30,2025-03-09,14:26:05,Samsung Galaxy A54,PHOTO_00030.jpg,Van
31,2024-02-04,21:05:23,General Mobile GM 22,PHOTO_00031.jpg,Igdir
32,2023-01-28,07:27:34,Oppo A77,DSC_00032.jpg,Diyarbakir
33,2023-04-26,17:19:35,Samsung Galaxy A54,PHOTO_00033.jpg,Istanbul
34,2023-11-11,08:46:12,Samsung Galaxy A34,IMG_00034.jpg,Mersin
35,2025-02-04,22:37:29,Huawei Nova Y90,IMG_00035.jpg,Ankara
36,2024-09-30,17:34:42,Tecno Camon 19 Pro,DSC_00036.jpg,Antalya
37,2024-08-31,00:36:42,Xiaomi Redmi Note 12,PHOTO_00037.jpg,Antalya
38,2025-02-08,01:55:25,Oppo A77,IMG_00038.jpg,Istanbul
39,2023-10-12,06:44:45,Casper VIA G4,PHOTO_00039.jpg,Kayseri
40,2023-06-19,17:19:10,Xiaomi Redmi Note 12,PHOTO_00040.jpg,Bursa
41,2024-12-26,05:04:49,General Mobile GM 22,IMG_00041.jpg,Igdir
42,2024-06-03,01:05:00,Vestel Venus V7,PHOTO_00042.jpg,Igdir
43,2023-10-05,22:23:50,Poco X5 Pro,DSC_00043.jpg,Igdir
44,2025-06-06,05:31:25,Xiaomi Redmi Note 12,DSC_00044.jpg,Erzurum
45,2025-01-05,15:49:35,Samsung Galaxy A34,DSC_00045.jpg,Bursa
46,2024-05-29,18:25:12,Samsung Galaxy A54,IMG_00046.jpg,Bursa
47,2023-12-24,10:53:06,Xiaomi Redmi Note 12,IMG_00047.jpg,Istanbul
48,2023-09-29,09:40:14,Realme C55,PHOTO_00048.jpg,Igdir
49,2024-11-03,04:18:14,Huawei Nova Y90,PHOTO_00049.jpg,Van
50,2024-10-12,06:29:57,Poco X5 Pro,DSC_00050.jpg,Antalya
51,2023-11-22,17:22:26,Poco X5 Pro,PHOTO_00051.jpg,Antalya
52,2023-09-29,02:18:45,Samsung Galaxy A54,IMG_00052.jpg,Izmir
53,2024-01-27,16:01:01,Samsung Galaxy A54,DSC_00053.jpg,Istanbul
54,2023-08-24,21:35:21,Samsung Galaxy A54,PHOTO_00054.jpg,Istanbul
55,2025-03-18,01:00:18,General Mobile GM 22,IMG_00055.jpg,Igdir
56,2024-06-24,22:48:38,Realme C55,IMG_00056.jpg,Ankara
57,2023-10-18,14:28:12,Vestel Venus V7,IMG_00057.jpg,Istanbul
58,2025-01-20,16:44:38,Huawei Nova Y90,DSC_00058.jpg,Ankara
59,2025-01-24,23:55:13,Realme C55,PHOTO_00059.jpg,Mersin
60,2024-02-03,13:09:36,Oppo A77,DSC_00060.jpg,Mersin
61,2024-01-07,12:01:14,Samsung Galaxy A54,IMG_00061.jpg,Istanbul
62,2025-05-16,07:52:44,Tecno Camon 19 Pro,IMG_00062.jpg,Igdir
63,2024-02-25,01:38:01,Samsung Galaxy A54,PHOTO_00063.jpg,Antalya
64,2024-12-12,13:19:45,Samsung Galaxy A54,PHOTO_00064.jpg,Diyarbakir
65,2023-02-05,21:22:36,Samsung Galaxy A34,PHOTO_00065.jpg,Igdir
66,2024-11-23,13:17:42,Tecno Camon 19 Pro,DSC_00066.jpg,Istanbul
67,2023-08-31,16:59:47,General Mobile GM 22,PHOTO_00067.jpg,Bursa
68,2024-10-16,09:50:58,Poco X5 Pro,PHOTO_00068.jpg,Istanbul
69,2023-03-11,02:11:28,Poco X5 Pro,IMG_00069.jpg,Igdir
70,2024-04-02,10:26:32,Vestel Venus V7,IMG_00070.jpg,Bursa
71,2024-09-01,18:28:21,Samsung Galaxy A34,IMG_00071.jpg,Antalya
72,2023-11-16,09:43:13,Samsung Galaxy A54,IMG_00072.jpg,Van
73,2023-11-16,07:44:28,Casper VIA G4,DSC_00073.jpg,Igdir
74,2024-10-26,04:32:29,General Mobile GM 22,PHOTO_00074.jpg,Igdir
75,2023-09-21,23:06:23,Vestel Venus V7,PHOTO_00075.jpg,Van
76,2024-11-26,17:03:11,Samsung Galaxy A54,PHOTO_00076.jpg,Igdir
77,2023-06-29,08:24:37,General Mobile GM 22,PHOTO_00077.jpg,Kayseri
78,2024-04-22,06:33:30,Casper VIA G4,DSC_00078.jpg,Mersin
79,2023-11-19,23:34:16,Huawei Nova Y90,DSC_00079.jpg,Erzurum
80,2025-05-31,17:11:56,General Mobile GM 22,PHOTO_00080.jpg,Antalya
81,2023-07-27,17:40:30,Huawei Nova Y90,IMG_00081.jpg,Gaziantep
82,2024-02-05,08:24:12,General Mobile GM 22,PHOTO_00082.jpg,Bursa
83,2023-11-14,12:39:51,Tecno Camon 19 Pro,DSC_00083.jpg,Antalya
84,2025-01-31,14:48:20,Samsung Galaxy A54,IMG_00084.jpg,Izmir
85,2023-06-14,11:31:54,Tecno Camon 19 Pro,DSC_00085.jpg,Mersin
86,2024-12-21,16:18:48,Samsung Galaxy A34,DSC_00086.jpg,Ankara
87,2025-05-05,19:58:44,Samsung Galaxy A34,IMG_00087.jpg,Gaziantep
88,2023-05-09,00:20:28,General Mobile GM 22,DSC_00088.jpg,Van
89,2024-11-19,23:22:36,General Mobile GM 22,PHOTO_00089.jpg,Van
90,2023-09-18,11:21:09,Casper VIA G4,IMG_00090.jpg,Mersin
91,2025-03-05,02:56:37,Xiaomi Redmi Note 12,DSC_00091.jpg,Igdir
92,2024-04-07,15:50:27,Vestel Venus V7,IMG_00092.jpg,Kayseri
93,2023-05-23,10:48:05,Huawei Nova Y90,IMG_00093.jpg,Ankara
94,2024-12-27,04:43:03,Oppo A77,PHOTO_00094.jpg,Erzurum
95,2024-11-20,19:41:16,Realme C55,IMG_00095.jpg,Antalya
96,2024-11-29,21:49:43,Samsung Galaxy A54,DSC_00096.jpg,Igdir
97,2023-12-25,03:54:17,Vestel Venus V7,DSC_00097.jpg,Bursa
98,2025-02-02,16:38:37,Huawei Nova Y90,PHOTO_00098.jpg,Bursa
99,2024-07-15,11:34:39,Huawei Nova Y90,DSC_00099.jpg,Ankara
100,2023-01-21,13:46:34,General Mobile GM 22,IMG_00100.jpg,Istanbul
101,2024-06-01,16:47:01,Oppo A77,IMG_00101.jpg,Gaziantep
102,2023-02-18,02:44:03,General Mobile GM 22,DSC_00102.jpg,Izmir
103,2023-07-11,20:53:21,Oppo A77,PHOTO_00103.jpg,Istanbul
104,2023-08-24,09:40:00,Vestel Venus V7,DSC_00104.jpg,Igdir
105,2024-06-22,03:57:43,Samsung Galaxy A54,PHOTO_00105.jpg,Erzurum
106,2024-05-01,02:45:18,Huawei Nova Y90,PHOTO_00106.jpg,Van
107,2023-07-02,03:58:32,Tecno Camon 19 Pro,DSC_00107.jpg,Igdir
108,2024-01-19,04:54:23,Casper VIA G4,IMG_00108.jpg,Gaziantep
109,2025-06-11,15:24:45,Oppo A77,DSC_00109.jpg,Ankara
110,2024-07-23,09:14:52,Xiaomi Redmi Note 12,PHOTO_00110.jpg,Igdir
111,2023-08-18,04:49:54,Tecno Camon 19 Pro,PHOTO_00111.jpg,Bursa
112,2023-01-07,21:06:49,Samsung Galaxy A54,DSC_00112.jpg,Ankara
113,2024-11-11,03:45:43,Poco X5 Pro,PHOTO_00113.jpg,Izmir
114,2023-07-09,14:22:35,Poco X5 Pro,PHOTO_00114.jpg,Istanbul
115,2023-11-18,16:09:02,Vestel Venus V7,IMG_00115.jpg,Izmir
116,2024-10-25,22:10:50,Huawei Nova Y90,DSC_00116.jpg,Istanbul
117,2024-12-04,14:43:11,Samsung Galaxy A34,IMG_00117.jpg,Diyarbakir
118,2025-02-18,09:39:44,Tecno Camon 19 Pro,IMG_00118.jpg,Bursa
119,2023-05-06,23:29:56,Tecno Camon 19 Pro,PHOTO_00119.jpg,Erzurum
120,2024-03-16,19:36:53,Oppo A77,DSC_00120.jpg,Istanbul
121,2023-04-25,03:47:24,Vestel Venus V7,DSC_00121.jpg,Igdir
122,2024-05-27,01:30:50,Huawei Nova Y90,PHOTO_00122.jpg,Antalya
123,2024-02-15,05:46:20,Samsung Galaxy A34,PHOTO_00123.jpg,Diyarbakir
124,2024-06-13,00:16:57,Tecno Camon 19 Pro,DSC_00124.jpg,Bursa
125,2023-06-22,04:37:20,General Mobile GM 22,PHOTO_00125.jpg,Antalya
126,2024-04-30,06:45:40,Xiaomi Redmi Note 12,DSC_00126.jpg,Ankara
127,2024-04-22,00:01:48,Huawei Nova Y90,DSC_00127.jpg,Mersin
128,2024-12-14,09:24:38,Samsung Galaxy A54,PHOTO_00128.jpg,Izmir
129,2024-10-24,11:16:13,Oppo A77,PHOTO_00129.jpg,Bursa
130,2025-01-24,07:13:49,Samsung Galaxy A54,PHOTO_00130.jpg,Gaziantep
131,2023-12-19,06:23:52,Samsung Galaxy A54,DSC_00131.jpg,Ankara
132,2023-08-24,14:11:19,Samsung Galaxy A54,PHOTO_00132.jpg,Van
133,2024-05-12,00:38:04,Samsung Galaxy A54,IMG_00133.jpg,Istanbul
134,2023-02-20,13:55:39,Poco X5 Pro,PHOTO_00134.jpg,Antalya
135,2023-10-04,19:23:37,Huawei Nova Y90,PHOTO_00135.jpg,Bursa
136,2023-01-24,08:41:53,Tecno Camon 19 Pro,DSC_00136.jpg,Izmir
137,2023-02-15,07:15:07,Samsung Galaxy A34,PHOTO_00137.jpg,Igdir
138,2023-02-17,17:04:44,Casper VIA G4,IMG_00138.jpg,Izmir
139,2023-08-11,21:34:45,Samsung Galaxy A34,IMG_00139.jpg,Istanbul
140,2023-02-14,23:25:52,Poco X5 Pro,IMG_00140.jpg,Erzurum
141,2023-02-16,19:36:55,General Mobile GM 22,PHOTO_00141.jpg,Izmir
142,2025-06-10,05:09:47,Samsung Galaxy A54,IMG_00142.jpg,Istanbul
143,2023-02-15,19:14:59,Casper VIA G4,DSC_00143.jpg,Kayseri
144,2023-03-14,18:19:06,Tecno Camon 19 Pro,IMG_00144.jpg,Igdir
145,2025-06-06,00:46:03,Samsung Galaxy A54,PHOTO_00145.jpg,Ankara
146,2023-07-02,00:03:20,Oppo A77,IMG_00146.jpg,Mersin
147,2023-04-27,20:15:33,Tecno Camon 19 Pro,IMG_00147.jpg,Ankara
148,2025-01-28,19:42:51,Xiaomi Redmi Note 12,IMG_00148.jpg,Gaziantep
149,2025-05-15,10:11:59,Oppo A77,PHOTO_00149.jpg,Erzurum
150,2025-06-13,22:41:38,Poco X5 Pro,PHOTO_00150.jpg,Kayseri
151,2023-08-15,22:53:30,Samsung Galaxy A34,PHOTO_00151.jpg,Kayseri
152,2024-02-27,03:49:29,Casper VIA G4,DSC_00152.jpg,Kayseri
153,2023-06-04,00:12:24,Huawei Nova Y90,DSC_00153.jpg,Bursa
154,2024-05-20,04:06:56,Vestel Venus V7,DSC_00154.jpg,Van
155,2025-06-14,17:32:42,Oppo A77,IMG_00155.jpg,Van
156,2025-05-21,08:39:36,Tecno Camon 19 Pro,IMG_00156.jpg,Antalya
157,2024-04-11,00:00:59,Oppo A77,PHOTO_00157.jpg,Istanbul
158,2024-10-16,19:50:48,Samsung Galaxy A54,IMG_00158.jpg,Igdir
159,2023-07-07,21:02:34,Samsung Galaxy A54,PHOTO_00159.jpg,Igdir
160,2025-05-13,20:09:54,Samsung Galaxy A34,DSC_00160.jpg,Diyarbakir
161,2024-09-16,04:31:17,Xiaomi Redmi Note 12,DSC_00161.jpg,Ankara
162,2023-09-30,06:35:52,Oppo A77,IMG_00162.jpg,Erzurum
163,2024-04-30,03:02:08,Samsung Galaxy A34,DSC_00163.jpg,Erzurum
164,2024-02-06,10:06:50,Samsung Galaxy A34,DSC_00164.jpg,Erzurum
165,2023-05-15,11:59:47,General Mobile GM 22,DSC_00165.jpg,Gaziantep
166,2025-01-01,16:50:32,Tecno Camon 19 Pro,IMG_00166.jpg,Igdir
167,2023-08-01,16:42:32,Samsung Galaxy A34,DSC_00167.jpg,Bursa
168,2023-03-11,12:29:16,Samsung Galaxy A34,PHOTO_00168.jpg,Diyarbakir
169,2025-06-01,04:51:38,Casper VIA G4,DSC_00169.jpg,Ankara
170,2023-04-04,20:13:20,Vestel Venus V7,IMG_00170.jpg,Diyarbakir
171,2025-05-20,13:18:47,Realme C55,IMG_00171.jpg,Istanbul
172,2023-11-14,02:41:00,Samsung Galaxy A54,PHOTO_00172.jpg,Antalya
173,2024-10-16,07:24:44,Xiaomi Redmi Note 12,IMG_00173.jpg,Erzurum
174,2025-03-09,09:52:55,Oppo A77,PHOTO_00174.jpg,Gaziantep
175,2023-01-25,18:02:44,Xiaomi Redmi Note 12,PHOTO_00175.jpg,Diyarbakir
176,2023-01-14,21:53:12,Huawei Nova Y90,DSC_00176.jpg,Igdir
177,2024-06-14,20:44:55,Tecno Camon 19 Pro,IMG_00177.jpg,Gaziantep
178,2023-03-13,11:46:06,Vestel Venus V7,IMG_00178.jpg,Ankara
179,2023-09-10,23:01:52,Oppo A77,IMG_00179.jpg,Ankara
180,2024-07-12,13:33:23,Vestel Venus V7,PHOTO_00180.jpg,Diyarbakir
181,2024-10-08,10:45:50,Huawei Nova Y90,DSC_00181.jpg,Izmir
182,2023-01-30,11:23:08,Xiaomi Redmi Note 12,PHOTO_00182.jpg,Van
183,2024-12-08,13:18:51,Realme C55,IMG_00183.jpg,Ankara
184,2023-05-08,10:42:56,Vestel Venus V7,IMG_00184.jpg,Kayseri
185,2025-01-18,09:20:01,General Mobile GM 22,DSC_00185.jpg,Van
186,2023-12-22,15:17:44,Tecno Camon 19 Pro,IMG_00186.jpg,Igdir
187,2025-03-31,04:50:51,Xiaomi Redmi Note 12,IMG_00187.jpg,Antalya
188,2023-02-20,19:30:27,Tecno Camon 19 Pro,IMG_00188.jpg,Izmir
189,2023-03-06,06:50:35,Poco X5 Pro,PHOTO_00189.jpg,Izmir
190,2023-02-08,11:08:28,Poco X5 Pro,PHOTO_00190.jpg,Istanbul
191,2025-02-26,07:42:16,Samsung Galaxy A34,PHOTO_00191.jpg,Istanbul
192,2024-05-30,07:45:04,Xiaomi Redmi Note 12,IMG_00192.jpg,Igdir
193,2024-10-07,04:58:40,Poco X5 Pro,DSC_00193.jpg,Igdir
194,2025-04-16,02:03:07,Vestel Venus V7,DSC_00194.jpg,Mersin
195,2024-11-02,10:25:05,Vestel Venus V7,DSC_00195.jpg,Igdir
196,2024-04-19,16:04:20,Huawei Nova Y90,IMG_00196.jpg,Istanbul
197,2023-07-04,17:22:10,Huawei Nova Y90,PHOTO_00197.jpg,Ankara
198,2023-07-09,05:15:53,Xiaomi Redmi Note 12,PHOTO_00198.jpg,Izmir
199,2024-07-01,10:00:25,Poco X5 Pro,DSC_00199.jpg,Kayseri
200,2024-12-09,19:19:33,Casper VIA G4,IMG_00200.jpg,Bursa
201,2024-06-14,15:28:34,Poco X5 Pro,PHOTO_00201.jpg,Van
202,2025-04-03,05:43:48,Casper VIA G4,DSC_00202.jpg,Ankara
203,2024-11-15,01:06:13,Poco X5 Pro,IMG_00203.jpg,Ankara
204,2023-07-13,10:36:14,Oppo A77,PHOTO_00204.jpg,Ankara
205,2024-06-21,01:06:08,Realme C55,PHOTO_00205.jpg,Mersin
206,2025-05-14,02:42:37,Samsung Galaxy A34,DSC_00206.jpg,Ankara
207,2024-12-01,14:59:33,Huawei Nova Y90,IMG_00207.jpg,Ankara
208,2025-01-10,13:21:36,Casper VIA G4,PHOTO_00208.jpg,Igdir
209,2024-11-16,23:19:56,Casper VIA G4,DSC_00209.jpg,Mersin
210,2024-03-10,20:11:25,Samsung Galaxy A34,PHOTO_00210.jpg,Igdir
211,2024-03-23,11:53:01,Realme C55,DSC_00211.jpg,Diyarbakir
212,2023-01-30,17:49:50,Tecno Camon 19 Pro,IMG_00212.jpg,Diyarbakir
213,2025-04-25,17:48:25,Poco X5 Pro,PHOTO_00213.jpg,Diyarbakir
214,2023-01-01,01:05:44,Huawei Nova Y90,PHOTO_00214.jpg,Mersin
215,2024-08-07,05:13:27,Huawei Nova Y90,IMG_00215.jpg,Ankara
216,2023-02-26,11:32:00,General Mobile GM 22,IMG_00216.jpg,Gaziantep
217,2025-01-06,15:59:51,Vestel Venus V7,DSC_00217.jpg,Igdir
218,2023-10-03,13:29:12,Samsung Galaxy A54,DSC_00218.jpg,Diyarbakir
219,2025-05-28,12:14:05,Tecno Camon 19 Pro,PHOTO_00219.jpg,Antalya
220,2025-03-18,12:16:15,Samsung Galaxy A54,PHOTO_00220.jpg,Istanbul
221,2023-02-03,18:57:29,Samsung Galaxy A54,DSC_00221.jpg,Istanbul
222,2023-05-11,16:38:59,Oppo A77,IMG_00222.jpg,Bursa
223,2024-12-22,14:58:23,Huawei Nova Y90,PHOTO_00223.jpg,Bursa
224,2023-04-05,10:39:48,Tecno Camon 19 Pro,IMG_00224.jpg,Istanbul
225,2025-05-06,07:39:42,Samsung Galaxy A34,PHOTO_00225.jpg,Mersin
226,2023-12-12,09:53:25,Samsung Galaxy A54,IMG_00226.jpg,Antalya
227,2025-05-30,20:26:29,Huawei Nova Y90,DSC_00227.jpg,Diyarbakir
228,2024-12-21,14:57:17,Xiaomi Redmi Note 12,PHOTO_00228.jpg,Kayseri
229,2023-04-14,22:19:45,Oppo A77,IMG_00229.jpg,Izmir
230,2025-01-21,00:14:16,Samsung Galaxy A34,PHOTO_00230.jpg,Istanbul
231,2023-06-07,06:55:15,General Mobile GM 22,PHOTO_00231.jpg,Mersin
232,2023-03-23,11:38:48,General Mobile GM 22,IMG_00232.jpg,Igdir
233,2023-12-13,08:31:41,Samsung Galaxy A34,DSC_00233.jpg,Erzurum
234,2024-10-28,09:02:57,Samsung Galaxy A54,IMG_00234.jpg,Mersin
235,2023-01-01,12:46:28,Tecno Camon 19 Pro,PHOTO_00235.jpg,Mersin
236,2023-05-30,17:41:00,Oppo A77,DSC_00236.jpg,Antalya
237,2024-12-22,14:16:57,Realme C55,DSC_00237.jpg,Van
238,2024-06-20,06:54:11,Huawei Nova Y90,PHOTO_00238.jpg,Kayseri
239,2024-06-19,01:36:22,Huawei Nova Y90,DSC_00239.jpg,Igdir
240,2023-06-20,10:31:29,Huawei Nova Y90,PHOTO_00240.jpg,Bursa
241,2025-05-23,10:49:04,Casper VIA G4,IMG_00241.jpg,Kayseri
242,2025-04-25,15:00:30,Xiaomi Redmi Note 12,DSC_00242.jpg,Gaziantep
243,2023-08-23,08:19:38,Samsung Galaxy A54,PHOTO_00243.jpg,Istanbul
244,2025-05-30,11:25:56,Xiaomi Redmi Note 12,PHOTO_00244.jpg,Diyarbakir
245,2023-11-09,14:54:34,Samsung Galaxy A34,IMG_00245.jpg,Bursa
246,2023-05-31,02:16:45,Poco X5 Pro,IMG_00246.jpg,Van
247,2023-03-16,21:26:28,Huawei Nova Y90,DSC_00247.jpg,Mersin
248,2023-06-03,13:17:03,Tecno Camon 19 Pro,IMG_00248.jpg,Izmir
249,2025-04-15,20:16:20,Poco X5 Pro,IMG_00249.jpg,Diyarbakir
250,2023-12-13,07:29:03,Xiaomi Redmi Note 12,DSC_00250.jpg,Mersin
251,2024-05-27,22:54:53,General Mobile GM 22,DSC_00251.jpg,Igdir
252,2024-02-06,07:14:59,Samsung Galaxy A54,PHOTO_00252.jpg,Ankara
253,2023-04-18,05:27:46,Tecno Camon 19 Pro,IMG_00253.jpg,Diyarbakir
254,2024-05-31,21:55:21,Samsung Galaxy A34,DSC_00254.jpg,Bursa
255,2023-08-21,12:02:30,Oppo A77,IMG_00255.jpg,Igdir
256,2023-04-11,11:50:24,Casper VIA G4,DSC_00256.jpg,Erzurum
257,2025-03-21,06:10:33,Huawei Nova Y90,PHOTO_00257.jpg,Istanbul
258,2024-05-01,22:03:33,Xiaomi Redmi Note 12,DSC_00258.jpg,Erzurum
259,2023-11-15,00:07:54,Xiaomi Redmi Note 12,IMG_00259.jpg,Bursa
260,2024-09-19,10:25:16,Samsung Galaxy A34,PHOTO_00260.jpg,Diyarbakir
261,2025-04-06,00:12:24,Samsung Galaxy A54,IMG_00261.jpg,Bursa
262,2024-10-10,02:19:04,Xiaomi Redmi Note 12,PHOTO_00262.jpg,Diyarbakir
263,2024-02-01,04:37:47,Tecno Camon 19 Pro,PHOTO_00263.jpg,Igdir
264,2025-06-20,17:04:17,Oppo A77,PHOTO_00264.jpg,Igdir
265,2023-02-20,19:37:50,Poco X5 Pro,PHOTO_00265.jpg,Diyarbakir
266,2023-01-12,09:04:01,Huawei Nova Y90,IMG_00266.jpg,Mersin
267,2023-12-10,16:35:24,Poco X5 Pro,PHOTO_00267.jpg,Antalya
268,2023-07-02,20:37:40,Realme C55,IMG_00268.jpg,Ankara
269,2024-12-29,20:31:24,Xiaomi Redmi Note 12,PHOTO_00269.jpg,Antalya
270,2024-09-12,14:46:52,General Mobile GM 22,DSC_00270.jpg,Bursa
271,2023-07-15,07:42:52,Xiaomi Redmi Note 12,IMG_00271.jpg,Antalya
272,2023-11-25,04:44:20,Samsung Galaxy A34,DSC_00272.jpg,Kayseri
273,2025-03-03,08:44:52,Poco X5 Pro,IMG_00273.jpg,Izmir
274,2025-05-13,21:11:01,Poco X5 Pro,IMG_00274.jpg,Antalya
275,2023-11-08,02:43:12,Oppo A77,IMG_00275.jpg,Antalya
276,2023-11-02,19:06:14,Poco X5 Pro,PHOTO_00276.jpg,Igdir
277,2025-03-12,15:34:49,Huawei Nova Y90,PHOTO_00277.jpg,Antalya
278,2024-12-17,09:08:42,Oppo A77,PHOTO_00278.jpg,Erzurum
279,2024-11-22,15:43:22,Samsung Galaxy A54,DSC_00279.jpg,Bursa
280,2024-10-01,04:57:45,Casper VIA G4,IMG_00280.jpg,Istanbul
281,2023-12-08,03:39:05,Oppo A77,IMG_00281.jpg,Van
282,2024-11-28,03:37:44,Samsung Galaxy A34,IMG_00282.jpg,Igdir
283,2025-03-23,04:25:03,Casper VIA G4,DSC_00283.jpg,Gaziantep
284,2024-01-07,21:06:46,Oppo A77,PHOTO_00284.jpg,Antalya
285,2024-07-20,22:06:33,Samsung Galaxy A54,IMG_00285.jpg,Istanbul
286,2023-04-07,19:41:59,Realme C55,DSC_00286.jpg,Ankara
287,2023-07-07,06:47:10,General Mobile GM 22,DSC_00287.jpg,Igdir
288,2024-06-02,20:53:58,Samsung Galaxy A54,DSC_00288.jpg,Antalya
289,2023-03-30,02:01:43,Casper VIA G4,DSC_00289.jpg,Izmir
290,2025-05-14,12:18:28,General Mobile GM 22,DSC_00290.jpg,Igdir
291,2023-03-09,17:41:10,Samsung Galaxy A34,IMG_00291.jpg,Ankara
292,2024-12-07,10:41:59,Casper VIA G4,IMG_00292.jpg,Van
293,2023-06-16,11:41:41,Xiaomi Redmi Note 12,PHOTO_00293.jpg,Izmir
294,2025-06-15,15:11:47,Huawei Nova Y90,DSC_00294.jpg,Mersin
295,2023-08-14,03:10:47,Oppo A77,IMG_00295.jpg,Antalya
296,2023-03-12,03:54:05,Samsung Galaxy A34,DSC_00296.jpg,Ankara
297,2023-06-01,03:37:24,Huawei Nova Y90,DSC_00297.jpg,Istanbul
298,2025-02-06,20:35:55,General Mobile GM 22,DSC_00298.jpg,Diyarbakir
299,2023-04-25,00:54:54,Vestel Venus V7,IMG_00299.jpg,Bursa
300,2024-11-09,04:04:23,Casper VIA G4,PHOTO_00300.jpg,Mersin
301,2024-08-29,06:15:20,Realme C55,IMG_00301.jpg,Gaziantep
302,2023-07-18,22:53:11,Tecno Camon 19 Pro,IMG_00302.jpg,Antalya
303,2023-09-13,15:42:36,Poco X5 Pro,PHOTO_00303.jpg,Kayseri
304,2023-09-12,10:57:40,General Mobile GM 22,DSC_00304.jpg,Diyarbakir
305,2023-05-21,03:06:26,Vestel Venus V7,DSC_00305.jpg,Izmir
306,2025-02-28,16:42:44,Samsung Galaxy A34,DSC_00306.jpg,Istanbul
307,2024-08-31,04:18:21,Realme C55,IMG_00307.jpg,Erzurum
308,2024-07-04,15:26:05,General Mobile GM 22,IMG_00308.jpg,Gaziantep
309,2024-08-28,07:14:11,Samsung Galaxy A34,IMG_00309.jpg,Mersin
310,2024-09-12,01:04:11,Xiaomi Redmi Note 12,IMG_00310.jpg,Erzurum
311,2023-06-22,13:06:24,Samsung Galaxy A54,IMG_00311.jpg,Izmir
312,2024-06-10,20:40:15,Samsung Galaxy A54,IMG_00312.jpg,Bursa
313,2024-12-15,23:50:26,Realme C55,IMG_00313.jpg,Diyarbakir
314,2023-02-03,05:50:30,Xiaomi Redmi Note 12,IMG_00314.jpg,Ankara
315,2023-01-26,21:08:16,Samsung Galaxy A34,PHOTO_00315.jpg,Van
316,2023-07-06,02:36:46,Huawei Nova Y90,IMG_00316.jpg,Ankara
317,2023-03-22,03:00:03,Vestel Venus V7,PHOTO_00317.jpg,Izmir
318,2023-06-28,16:46:18,Huawei Nova Y90,IMG_00318.jpg,Diyarbakir
319,2023-11-04,17:03:22,Samsung Galaxy A54,IMG_00319.jpg,Kayseri
320,2024-02-25,18:35:04,Realme C55,PHOTO_00320.jpg,Istanbul
321,2024-01-06,00:38:12,Samsung Galaxy A54,IMG_00321.jpg,Kayseri
322,2023-06-15,09:10:15,Samsung Galaxy A54,IMG_00322.jpg,Van
323,2023-08-21,01:02:03,Xiaomi Redmi Note 12,PHOTO_00323.jpg,Antalya
324,2024-11-05,23:33:27,Samsung Galaxy A54,PHOTO_00324.jpg,Mersin
325,2023-02-22,07:26:27,Samsung Galaxy A34,IMG_00325.jpg,Istanbul
326,2024-12-28,21:39:13,Huawei Nova Y90,IMG_00326.jpg,Van
327,2023-05-09,02:16:08,Samsung Galaxy A54,PHOTO_00327.jpg,Ankara
328,2025-03-31,15:09:14,Samsung Galaxy A34,PHOTO_00328.jpg,Bursa
329,2024-09-27,03:37:56,Samsung Galaxy A34,IMG_00329.jpg,Bursa
330,2023-12-04,05:03:20,Samsung Galaxy A34,PHOTO_00330.jpg,Izmir
331,2023-03-17,01:34:57,Xiaomi Redmi Note 12,DSC_00331.jpg,Erzurum
332,2024-10-08,23:17:07,Samsung Galaxy A54,IMG_00332.jpg,Bursa
333,2023-11-07,02:57:08,Casper VIA G4,PHOTO_00333.jpg,Mersin
334,2024-05-13,00:36:15,Samsung Galaxy A54,PHOTO_00334.jpg,Van
335,2024-11-13,18:06:58,Realme C55,PHOTO_00335.jpg,Ankara
336,2024-08-30,00:37:36,General Mobile GM 22,IMG_00336.jpg,Van
337,2024-08-28,12:38:25,Samsung Galaxy A34,DSC_00337.jpg,Igdir
338,2023-01-28,14:39:48,Samsung Galaxy A54,IMG_00338.jpg,Igdir
339,2024-11-26,08:59:27,Poco X5 Pro,PHOTO_00339.jpg,Ankara
340,2023-08-28,22:16:54,Oppo A77,IMG_00340.jpg,Kayseri
341,2023-09-23,13:07:29,General Mobile GM 22,PHOTO_00341.jpg,Izmir
342,2025-02-08,05:51:19,Huawei Nova Y90,PHOTO_00342.jpg,Istanbul
343,2024-04-27,15:30:13,Xiaomi Redmi Note 12,IMG_00343.jpg,Diyarbakir
344,2024-04-27,10:44:10,Casper VIA G4,DSC_00344.jpg,Diyarbakir
345,2024-03-07,11:26:26,Samsung Galaxy A34,DSC_00345.jpg,Ankara
346,2024-03-18,19:37:39,Xiaomi Redmi Note 12,PHOTO_00346.jpg,Diyarbakir
347,2025-04-19,11:04:29,Xiaomi Redmi Note 12,DSC_00347.jpg,Gaziantep
348,2024-02-28,20:55:01,Vestel Venus V7,PHOTO_00348.jpg,Istanbul
349,2024-12-23,21:27:50,Samsung Galaxy A54,PHOTO_00349.jpg,Bursa
350,2024-07-29,20:46:02,General Mobile GM 22,IMG_00350.jpg,Kayseri
351,2024-11-01,10:08:43,Huawei Nova Y90,IMG_00351.jpg,Antalya
352,2025-05-29,01:46:27,General Mobile GM 22,PHOTO_00352.jpg,Ankara
353,2024-02-01,15:12:51,Samsung Galaxy A34,IMG_00353.jpg,Mersin
354,2024-08-02,01:21:55,Xiaomi Redmi Note 12,PHOTO_00354.jpg,Mersin
355,2023-02-11,23:00:33,Xiaomi Redmi Note 12,PHOTO_00355.jpg,Diyarbakir
356,2024-06-26,16:46:45,Casper VIA G4,PHOTO_00356.jpg,Van
357,2023-07-29,01:51:08,General Mobile GM 22,PHOTO_00357.jpg,Igdir
358,2024-02-03,08:15:51,Poco X5 Pro,PHOTO_00358.jpg,Diyarbakir
359,2024-07-13,23:07:32,Huawei Nova Y90,IMG_00359.jpg,Izmir
360,2023-12-06,04:50:21,Realme C55,IMG_00360.jpg,Antalya
361,2023-06-17,13:02:36,Samsung Galaxy A34,PHOTO_00361.jpg,Van
362,2024-03-26,04:19:18,Xiaomi Redmi Note 12,IMG_00362.jpg,Diyarbakir
363,2023-03-15,03:44:20,Poco X5 Pro,PHOTO_00363.jpg,Antalya
364,2024-11-20,16:52:14,Samsung Galaxy A54,PHOTO_00364.jpg,Antalya
365,2023-11-10,08:38:06,Samsung Galaxy A54,IMG_00365.jpg,Kayseri
366,2023-03-27,11:51:19,Poco X5 Pro,DSC_00366.jpg,Van
367,2025-01-21,01:17:53,Realme C55,DSC_00367.jpg,Istanbul
368,2025-01-30,12:47:21,Huawei Nova Y90,IMG_00368.jpg,Istanbul
369,2025-05-17,19:00:45,Tecno Camon 19 Pro,IMG_00369.jpg,Antalya
370,2025-06-12,19:36:12,Tecno Camon 19 Pro,DSC_00370.jpg,Erzurum
371,2024-02-04,07:08:11,Vestel Venus V7,DSC_00371.jpg,Izmir
372,2024-03-28,18:38:26,Vestel Venus V7,IMG_00372.jpg,Diyarbakir
373,2024-07-08,16:24:05,Tecno Camon 19 Pro,IMG_00373.jpg,Antalya
374,2023-06-14,12:21:10,Huawei Nova Y90,IMG_00374.jpg,Bursa
375,2024-12-21,09:23:29,Samsung Galaxy A34,PHOTO_00375.jpg,Gaziantep
376,2023-11-15,07:49:09,Xiaomi Redmi Note 12,IMG_00376.jpg,Igdir
377,2024-08-11,21:25:47,Huawei Nova Y90,IMG_00377.jpg,Igdir
378,2023-04-27,16:36:45,Xiaomi Redmi Note 12,DSC_00378.jpg,Diyarbakir
379,2023-03-02,14:41:38,General Mobile GM 22,IMG_00379.jpg,Igdir
380,2023-10-22,20:04:07,Vestel Venus V7,PHOTO_00380.jpg,Igdir
381,2023-09-25,15:18:36,Poco X5 Pro,DSC_00381.jpg,Gaziantep
382,2023-01-07,16:06:36,Tecno Camon 19 Pro,PHOTO_00382.jpg,Diyarbakir
383,2023-01-19,12:27:27,Vestel Venus V7,IMG_00383.jpg,Izmir
384,2023-02-05,17:26:59,Xiaomi Redmi Note 12,DSC_00384.jpg,Ankara
385,2023-04-05,12:16:23,Oppo A77,DSC_00385.jpg,Mersin
386,2025-03-17,15:08:30,Samsung Galaxy A34,IMG_00386.jpg,Antalya
387,2024-01-19,20:28:15,Realme C55,PHOTO_00387.jpg,Mersin
388,2024-09-09,15:10:20,Oppo A77,PHOTO_00388.jpg,Van
389,2024-03-04,14:11:03,General Mobile GM 22,IMG_00389.jpg,Diyarbakir
390,2025-04-05,04:11:52,Tecno Camon 19 Pro,DSC_00390.jpg,Istanbul
391,2023-11-17,16:33:47,Huawei Nova Y90,PHOTO_00391.jpg,Erzurum
392,2025-04-29,02:05:04,Casper VIA G4,DSC_00392.jpg,Diyarbakir
393,2024-07-14,20:35:14,Tecno Camon 19 Pro,PHOTO_00393.jpg,Bursa
394,2024-02-20,23:00:45,General Mobile GM 22,DSC_00394.jpg,Kayseri
395,2023-12-06,07:59:29,Samsung Galaxy A34,DSC_00395.jpg,Diyarbakir
396,2024-09-11,01:42:13,Casper VIA G4,IMG_00396.jpg,Igdir
397,2024-10-11,23:31:03,Samsung Galaxy A54,IMG_00397.jpg,Ankara
398,2024-12-18,03:07:40,Xiaomi Redmi Note 12,PHOTO_00398.jpg,Antalya
399,2023-04-28,03:12:33,General Mobile GM 22,DSC_00399.jpg,Ankara
400,2024-04-10,22:10:40,Poco X5 Pro,DSC_00400.jpg,Van
401,2024-11-29,18:23:30,General Mobile GM 22,IMG_00401.jpg,Gaziantep
402,2023-01-03,20:17:55,Huawei Nova Y90,DSC_00402.jpg,Igdir
403,2024-04-03,16:40:34,General Mobile GM 22,IMG_00403.jpg,Igdir
404,2023-01-25,05:56:22,Huawei Nova Y90,DSC_00404.jpg,Van
405,2023-07-20,12:53:57,Casper VIA G4,PHOTO_00405.jpg,Bursa
406,2024-01-21,14:29:44,Xiaomi Redmi Note 12,PHOTO_00406.jpg,Ankara
407,2024-01-08,18:07:06,Casper VIA G4,IMG_00407.jpg,Mersin
408,2024-05-20,02:25:28,Oppo A77,PHOTO_00408.jpg,Istanbul
409,2025-01-09,01:16:35,General Mobile GM 22,DSC_00409.jpg,Erzurum
410,2025-05-28,00:25:50,Xiaomi Redmi Note 12,PHOTO_00410.jpg,Ankara
411,2023-11-29,08:43:08,Xiaomi Redmi Note 12,PHOTO_00411.jpg,Diyarbakir
412,2024-11-14,02:59:26,General Mobile GM 22,PHOTO_00412.jpg,Mersin
413,2023-07-25,14:23:22,Xiaomi Redmi Note 12,IMG_00413.jpg,Diyarbakir
414,2023-11-27,04:40:06,General Mobile GM 22,PHOTO_00414.jpg,Diyarbakir
415,2023-05-05,02:02:27,Huawei Nova Y90,DSC_00415.jpg,Antalya
416,2023-07-25,10:59:53,Samsung Galaxy A34,IMG_00416.jpg,Van
417,2025-01-21,17:01:27,Xiaomi Redmi Note 12,PHOTO_00417.jpg,Van
418,2025-05-19,08:07:36,Tecno Camon 19 Pro,PHOTO_00418.jpg,Van
419,2023-06-18,01:34:48,Xiaomi Redmi Note 12,IMG_00419.jpg,Ankara
420,2024-11-07,07:22:14,Samsung Galaxy A54,PHOTO_00420.jpg,Mersin
421,2023-09-27,01:50:22,General Mobile GM 22,DSC_00421.jpg,Izmir
422,2023-12-17,03:50:21,Tecno Camon 19 Pro,DSC_00422.jpg,Diyarbakir
423,2024-08-07,10:54:23,General Mobile GM 22,IMG_00423.jpg,Igdir
424,2025-03-27,18:53:36,Huawei Nova Y90,PHOTO_00424.jpg,Istanbul
425,2023-05-12,05:08:41,Samsung Galaxy A54,PHOTO_00425.jpg,Ankara
426,2023-09-17,05:16:40,Tecno Camon 19 Pro,IMG_00426.jpg,Van
427,2023-07-05,21:32:06,Tecno Camon 19 Pro,PHOTO_00427.jpg,Van
428,2023-02-22,17:24:26,Samsung Galaxy A34,DSC_00428.jpg,Igdir
429,2023-02-16,08:52:39,Xiaomi Redmi Note 12,PHOTO_00429.jpg,Erzurum
430,2024-03-06,21:55:23,General Mobile GM 22,IMG_00430.jpg,Ankara
431,2024-02-13,04:38:17,Realme C55,PHOTO_00431.jpg,Ankara
432,2023-03-07,03:13:14,Huawei Nova Y90,DSC_00432.jpg,Igdir
433,2023-08-31,01:53:22,Realme C55,IMG_00433.jpg,Mersin
434,2024-04-04,18:27:12,Xiaomi Redmi Note 12,DSC_00434.jpg,Kayseri
435,2024-09-07,08:20:19,Xiaomi Redmi Note 12,PHOTO_00435.jpg,Mersin
436,2023-01-27,11:03:54,Samsung Galaxy A54,IMG_00436.jpg,Antalya
437,2024-10-17,09:54:11,General Mobile GM 22,PHOTO_00437.jpg,Ankara
438,2025-06-07,01:50:36,Samsung Galaxy A54,PHOTO_00438.jpg,Istanbul
439,2024-08-03,03:26:49,Realme C55,IMG_00439.jpg,Mersin
440,2023-03-30,22:34:14,Xiaomi Redmi Note 12,IMG_00440.jpg,Istanbul
441,2025-06-17,06:03:38,Realme C55,DSC_00441.jpg,Gaziantep
442,2023-05-17,18:41:06,Oppo A77,IMG_00442.jpg,Ankara
443,2025-06-10,08:17:20,Huawei Nova Y90,PHOTO_00443.jpg,Antalya
444,2024-03-11,16:48:06,Vestel Venus V7,DSC_00444.jpg,Igdir
445,2024-10-06,01:59:40,Oppo A77,IMG_00445.jpg,Kayseri
446,2024-11-24,06:51:33,General Mobile GM 22,IMG_00446.jpg,Istanbul
447,2023-01-13,22:34:40,Samsung Galaxy A54,IMG_00447.jpg,Istanbul
448,2023-05-17,03:30:17,Xiaomi Redmi Note 12,IMG_00448.jpg,Bursa
449,2024-04-11,18:11:12,Samsung Galaxy A34,PHOTO_00449.jpg,Izmir
450,2025-02-22,10:23:03,General Mobile GM 22,DSC_00450.jpg,Diyarbakir
451,2025-04-07,05:00:14,Poco X5 Pro,DSC_00451.jpg,Mersin
452,2023-09-10,06:14:26,Samsung Galaxy A34,DSC_00452.jpg,Antalya
453,2024-07-30,01:02:48,Samsung Galaxy A34,PHOTO_00453.jpg,Ankara
454,2024-10-02,14:51:46,Oppo A77,PHOTO_00454.jpg,Diyarbakir
455,2023-12-18,10:47:40,Realme C55,PHOTO_00455.jpg,Mersin
456,2025-01-17,02:36:42,General Mobile GM 22,DSC_00456.jpg,Bursa
457,2023-10-17,13:41:47,General Mobile GM 22,DSC_00457.jpg,Igdir
458,2025-06-03,01:19:46,Vestel Venus V7,DSC_00458.jpg,Antalya
459,2024-07-18,09:57:31,Samsung Galaxy A34,PHOTO_00459.jpg,Bursa
460,2024-09-06,06:23:33,Samsung Galaxy A34,DSC_00460.jpg,Ankara
461,2024-01-12,03:04:28,Oppo A77,DSC_00461.jpg,Bursa
462,2023-12-07,02:24:55,Realme C55,PHOTO_00462.jpg,Gaziantep
463,2023-09-17,13:48:48,Tecno Camon 19 Pro,IMG_00463.jpg,Diyarbakir
464,2024-12-29,03:56:26,Samsung Galaxy A34,IMG_00464.jpg,Diyarbakir
465,2024-10-25,11:58:48,Xiaomi Redmi Note 12,DSC_00465.jpg,Van
466,2025-05-20,06:27:00,Realme C55,PHOTO_00466.jpg,Bursa
467,2023-02-21,15:25:30,Huawei Nova Y90,DSC_00467.jpg,Istanbul
468,2023-01-28,15:22:30,Huawei Nova Y90,DSC_00468.jpg,Igdir
469,2024-10-29,11:43:53,Huawei Nova Y90,IMG_00469.jpg,Istanbul
470,2024-04-13,12:34:12,Samsung Galaxy A54,DSC_00470.jpg,Diyarbakir
471,2024-04-01,14:59:16,Tecno Camon 19 Pro,PHOTO_00471.jpg,Erzurum
472,2024-12-13,20:08:12,Oppo A77,DSC_00472.jpg,Bursa
473,2024-03-16,20:48:47,Xiaomi Redmi Note 12,IMG_00473.jpg,Van
474,2023-06-24,10:21:49,Samsung Galaxy A54,IMG_00474.jpg,Diyarbakir
475,2024-10-13,12:52:10,Oppo A77,DSC_00475.jpg,Antalya
476,2023-01-22,07:54:52,Poco X5 Pro,PHOTO_00476.jpg,Erzurum
477,2024-07-14,09:10:35,Samsung Galaxy A54,IMG_00477.jpg,Van
478,2024-07-30,13:26:11,Samsung Galaxy A34,PHOTO_00478.jpg,Ankara
479,2025-04-08,11:21:46,Oppo A77,IMG_00479.jpg,Van
480,2025-06-01,18:43:50,Realme C55,IMG_00480.jpg,Erzurum
481,2023-07-03,06:34:10,Vestel Venus V7,DSC_00481.jpg,Diyarbakir
482,2023-10-06,14:28:30,Huawei Nova Y90,PHOTO_00482.jpg,Istanbul
483,2024-09-24,20:30:22,Samsung Galaxy A34,IMG_00483.jpg,Ankara
484,2023-02-14,19:20:58,Xiaomi Redmi Note 12,DSC_00484.jpg,Van
485,2023-10-21,04:42:26,General Mobile GM 22,DSC_00485.jpg,Diyarbakir
486,2024-04-01,15:49:30,Huawei Nova Y90,PHOTO_00486.jpg,Erzurum
487,2024-10-14,17:24:25,General Mobile GM 22,IMG_00487.jpg,Diyarbakir
488,2025-01-09,17:56:51,Huawei Nova Y90,PHOTO_00488.jpg,Antalya
489,2024-10-23,19:20:56,Oppo A77,DSC_00489.jpg,Igdir
490,2024-04-28,15:20:23,Casper VIA G4,DSC_00490.jpg,Mersin
491,2024-06-29,22:44:10,Tecno Camon 19 Pro,DSC_00491.jpg,Izmir
492,2025-04-23,19:49:45,Oppo A77,IMG_00492.jpg,Ankara
493,2023-05-21,04:24:33,Huawei Nova Y90,DSC_00493.jpg,Gaziantep
494,2024-10-20,16:25:52,Vestel Venus V7,IMG_00494.jpg,Igdir
495,2025-01-31,05:14:31,Xiaomi Redmi Note 12,IMG_00495.jpg,Igdir
496,2024-07-09,13:10:11,Huawei Nova Y90,PHOTO_00496.jpg,Antalya
497,2024-08-01,18:08:02,Huawei Nova Y90,IMG_00497.jpg,Ankara
498,2023-06-25,03:09:25,General Mobile GM 22,PHOTO_00498.jpg,Igdir
499,2024-06-11,14:48:39,Samsung Galaxy A34,DSC_00499.jpg,Mersin
500,2024-06-24,04:27:15,Samsung Galaxy A54,PHOTO_00500.jpg,Diyarbakir
501,2023-04-07,22:17:01,General Mobile GM 22,DSC_00501.jpg,Bursa
502,2024-11-13,05:34:11,Casper VIA G4,DSC_00502.jpg,Diyarbakir
503,2023-09-03,17:34:11,General Mobile GM 22,DSC_00503.jpg,Igdir
504,2023-07-03,15:26:42,Tecno Camon 19 Pro,DSC_00504.jpg,Izmir
505,2024-03-30,21:42:22,Samsung Galaxy A54,IMG_00505.jpg,Istanbul
506,2024-09-05,23:46:41,Oppo A77,DSC_00506.jpg,Van
507,2023-03-03,16:11:19,Casper VIA G4,PHOTO_00507.jpg,Gaziantep
508,2024-01-24,08:42:16,General Mobile GM 22,DSC_00508.jpg,Bursa
509,2023-12-02,11:49:43,Huawei Nova Y90,DSC_00509.jpg,Izmir
510,2024-01-31,08:52:15,Vestel Venus V7,DSC_00510.jpg,Mersin
511,2024-03-12,01:11:22,Xiaomi Redmi Note 12,PHOTO_00511.jpg,Kayseri
512,2023-11-02,23:09:10,Samsung Galaxy A34,IMG_00512.jpg,Gaziantep
513,2024-08-23,12:27:16,Poco X5 Pro,IMG_00513.jpg,Antalya
514,2024-04-07,10:12:00,Oppo A77,PHOTO_00514.jpg,Kayseri
515,2023-10-27,08:23:50,Vestel Venus V7,PHOTO_00515.jpg,Erzurum
516,2024-05-27,10:36:53,Casper VIA G4,PHOTO_00516.jpg,Igdir
517,2024-10-29,08:36:37,Xiaomi Redmi Note 12,DSC_00517.jpg,Igdir
518,2023-06-07,17:16:44,Poco X5 Pro,DSC_00518.jpg,Antalya
519,2024-04-19,13:24:18,Huawei Nova Y90,IMG_00519.jpg,Ankara
520,2024-02-03,21:12:06,Tecno Camon 19 Pro,DSC_00520.jpg,Igdir
521,2023-04-05,07:46:43,Tecno Camon 19 Pro,IMG_00521.jpg,Antalya
522,2025-05-17,17:57:20,Huawei Nova Y90,IMG_00522.jpg,Istanbul
523,2024-04-13,20:48:26,Xiaomi Redmi Note 12,DSC_00523.jpg,Bursa
524,2023-08-16,06:01:45,Casper VIA G4,DSC_00524.jpg,Ankara
525,2023-08-31,02:16:10,Oppo A77,IMG_00525.jpg,Igdir
526,2023-01-09,21:39:23,Xiaomi Redmi Note 12,PHOTO_00526.jpg,Mersin
527,2025-04-22,17:28:47,Samsung Galaxy A54,PHOTO_00527.jpg,Kayseri
528,2024-05-25,05:25:21,Huawei Nova Y90,DSC_00528.jpg,Igdir
529,2023-07-10,20:18:14,Huawei Nova Y90,IMG_00529.jpg,Bursa
530,2025-05-05,07:33:54,Samsung Galaxy A54,DSC_00530.jpg,Mersin
531,2024-09-25,22:59:14,Poco X5 Pro,IMG_00531.jpg,Ankara
532,2024-06-12,08:50:54,Oppo A77,DSC_00532.jpg,Erzurum
533,2024-03-10,02:56:49,Xiaomi Redmi Note 12,IMG_00533.jpg,Diyarbakir
534,2023-04-19,17:10:12,Samsung Galaxy A34,IMG_00534.jpg,Antalya
535,2025-03-31,07:40:11,Samsung Galaxy A54,DSC_00535.jpg,Igdir
536,2025-03-26,19:36:02,Oppo A77,DSC_00536.jpg,Igdir
537,2024-06-17,03:36:54,Tecno Camon 19 Pro,PHOTO_00537.jpg,Izmir
538,2024-08-14,11:05:00,Xiaomi Redmi Note 12,PHOTO_00538.jpg,Bursa
539,2025-03-01,16:14:16,Tecno Camon 19 Pro,DSC_00539.jpg,Ankara
540,2023-10-18,01:05:05,Xiaomi Redmi Note 12,DSC_00540.jpg,Diyarbakir
541,2023-11-22,07:33:10,Huawei Nova Y90,IMG_00541.jpg,Antalya
542,2024-07-07,19:47:48,Samsung Galaxy A34,PHOTO_00542.jpg,Izmir
543,2025-02-26,02:38:38,Xiaomi Redmi Note 12,IMG_00543.jpg,Igdir
544,2024-09-11,16:33:01,Huawei Nova Y90,PHOTO_00544.jpg,Gaziantep
545,2024-04-23,10:15:27,Samsung Galaxy A54,PHOTO_00545.jpg,Diyarbakir
546,2023-09-20,00:04:33,Realme C55,DSC_00546.jpg,Antalya
547,2023-05-03,19:35:08,Huawei Nova Y90,PHOTO_00547.jpg,Bursa
548,2025-05-06,10:52:54,Poco X5 Pro,DSC_00548.jpg,Kayseri
549,2025-03-24,15:31:10,Huawei Nova Y90,IMG_00549.jpg,Kayseri
550,2024-05-06,03:47:50,Tecno Camon 19 Pro,PHOTO_00550.jpg,Istanbul
551,2024-12-29,12:35:49,Xiaomi Redmi Note 12,DSC_00551.jpg,Gaziantep
552,2023-02-14,13:54:47,Poco X5 Pro,IMG_00552.jpg,Diyarbakir
553,2023-04-12,01:46:57,Poco X5 Pro,IMG_00553.jpg,Istanbul
554,2024-12-21,14:19:57,Oppo A77,DSC_00554.jpg,Diyarbakir
555,2024-02-16,05:28:31,Oppo A77,PHOTO_00555.jpg,Van
556,2025-03-13,22:50:51,General Mobile GM 22,IMG_00556.jpg,Diyarbakir
557,2025-06-07,08:37:16,Tecno Camon 19 Pro,PHOTO_00557.jpg,Mersin
558,2025-01-06,10:43:53,Oppo A77,DSC_00558.jpg,Mersin
559,2025-06-11,23:15:11,Casper VIA G4,DSC_00559.jpg,Gaziantep
560,2023-08-22,05:12:15,Samsung Galaxy A54,PHOTO_00560.jpg,Ankara
561,2025-05-02,11:31:29,General Mobile GM 22,DSC_00561.jpg,Antalya
562,2023-08-08,13:21:29,Xiaomi Redmi Note 12,PHOTO_00562.jpg,Kayseri
563,2024-10-24,19:00:41,Huawei Nova Y90,IMG_00563.jpg,Diyarbakir
564,2024-04-07,16:59:49,General Mobile GM 22,IMG_00564.jpg,Antalya
565,2023-06-12,19:54:02,Huawei Nova Y90,DSC_00565.jpg,Izmir
566,2023-09-29,20:52:41,General Mobile GM 22,PHOTO_00566.jpg,Kayseri
567,2023-06-02,12:58:51,General Mobile GM 22,IMG_00567.jpg,Diyarbakir
568,2024-08-14,09:24:05,Samsung Galaxy A34,IMG_00568.jpg,Diyarbakir
569,2024-12-17,05:49:00,Huawei Nova Y90,IMG_00569.jpg,Izmir
570,2023-11-02,23:05:36,General Mobile GM 22,DSC_00570.jpg,Istanbul
571,2025-06-09,23:34:42,Oppo A77,DSC_00571.jpg,Istanbul
572,2025-04-21,08:03:16,Tecno Camon 19 Pro,DSC_00572.jpg,Diyarbakir
573,2023-01-07,14:30:20,Samsung Galaxy A34,IMG_00573.jpg,Bursa
574,2023-08-11,07:37:56,Poco X5 Pro,DSC_00574.jpg,Erzurum
575,2023-12-11,11:17:29,Huawei Nova Y90,DSC_00575.jpg,Antalya
576,2024-08-08,18:10:26,Samsung Galaxy A34,DSC_00576.jpg,Gaziantep
577,2025-01-09,21:30:19,Vestel Venus V7,IMG_00577.jpg,Ankara
578,2023-10-11,06:14:37,Realme C55,PHOTO_00578.jpg,Bursa
579,2024-11-30,02:18:43,General Mobile GM 22,IMG_00579.jpg,Igdir
580,2025-06-15,22:52:37,Oppo A77,PHOTO_00580.jpg,Diyarbakir
581,2023-06-09,05:13:06,Huawei Nova Y90,PHOTO_00581.jpg,Ankara
582,2023-05-10,13:23:18,Huawei Nova Y90,DSC_00582.jpg,Bursa
583,2024-01-01,06:10:07,Realme C55,PHOTO_00583.jpg,Igdir
584,2024-11-29,10:18:35,Xiaomi Redmi Note 12,IMG_00584.jpg,Istanbul
585,2025-03-14,08:57:08,Samsung Galaxy A54,PHOTO_00585.jpg,Ankara
586,2023-05-22,01:01:15,Samsung Galaxy A54,IMG_00586.jpg,Bursa
587,2024-08-26,19:37:42,General Mobile GM 22,PHOTO_00587.jpg,Erzurum
588,2025-06-15,00:06:11,Xiaomi Redmi Note 12,PHOTO_00588.jpg,Diyarbakir
589,2023-03-22,17:49:45,Tecno Camon 19 Pro,DSC_00589.jpg,Erzurum
590,2024-08-06,06:46:48,Oppo A77,PHOTO_00590.jpg,Van
591,2023-06-05,04:50:58,Realme C55,DSC_00591.jpg,Izmir
592,2023-12-18,19:10:31,Realme C55,PHOTO_00592.jpg,Antalya
593,2023-04-13,13:51:19,Poco X5 Pro,PHOTO_00593.jpg,Mersin
594,2023-02-24,20:57:48,Oppo A77,PHOTO_00594.jpg,Diyarbakir
595,2023-11-04,12:13:05,Oppo A77,DSC_00595.jpg,Antalya
596,2024-09-30,18:59:35,Huawei Nova Y90,IMG_00596.jpg,Igdir
597,2023-02-11,04:04:03,General Mobile GM 22,IMG_00597.jpg,Istanbul
598,2024-02-16,21:22:34,Samsung Galaxy A34,IMG_00598.jpg,Van
599,2025-01-18,12:39:04,Oppo A77,PHOTO_00599.jpg,Igdir
600,2024-07-03,05:14:29,Oppo A77,DSC_00600.jpg,Izmir
601,2024-07-05,12:16:33,Vestel Venus V7,PHOTO_00601.jpg,Mersin
602,2023-06-12,01:13:50,Samsung Galaxy A54,IMG_00602.jpg,Izmir
603,2024-01-30,21:49:21,Samsung Galaxy A54,PHOTO_00603.jpg,Mersin
604,2023-10-22,19:18:07,Vestel Venus V7,PHOTO_00604.jpg,Izmir
605,2024-10-18,01:54:45,Vestel Venus V7,PHOTO_00605.jpg,Igdir
606,2024-09-27,19:26:03,Samsung Galaxy A34,DSC_00606.jpg,Erzurum
607,2023-04-21,08:58:27,Samsung Galaxy A34,DSC_00607.jpg,Diyarbakir
608,2023-12-23,03:36:11,General Mobile GM 22,IMG_00608.jpg,Van
609,2023-05-31,23:56:19,Huawei Nova Y90,IMG_00609.jpg,Igdir
610,2025-06-14,00:18:18,Huawei Nova Y90,PHOTO_00610.jpg,Bursa
611,2024-06-04,17:52:07,Huawei Nova Y90,IMG_00611.jpg,Igdir
612,2023-11-04,18:59:50,Vestel Venus V7,PHOTO_00612.jpg,Izmir
613,2025-02-20,12:42:02,Huawei Nova Y90,PHOTO_00613.jpg,Gaziantep
614,2024-01-07,04:41:48,Poco X5 Pro,DSC_00614.jpg,Bursa
615,2023-06-02,08:17:28,Samsung Galaxy A34,IMG_00615.jpg,Izmir
616,2024-03-19,14:06:59,Realme C55,DSC_00616.jpg,Bursa
617,2023-11-26,03:56:43,General Mobile GM 22,PHOTO_00617.jpg,Erzurum
618,2023-09-20,21:42:12,Samsung Galaxy A54,DSC_00618.jpg,Istanbul
619,2024-06-29,20:06:17,General Mobile GM 22,PHOTO_00619.jpg,Istanbul
620,2025-06-13,01:31:39,Vestel Venus V7,IMG_00620.jpg,Erzurum
621,2024-05-02,20:50:51,Samsung Galaxy A54,PHOTO_00621.jpg,Gaziantep
622,2023-10-25,23:56:10,Tecno Camon 19 Pro,PHOTO_00622.jpg,Igdir
623,2025-05-28,11:08:50,Poco X5 Pro,IMG_00623.jpg,Diyarbakir
624,2024-01-30,06:28:27,Xiaomi Redmi Note 12,DSC_00624.jpg,Mersin
625,2023-02-20,20:03:02,Samsung Galaxy A34,DSC_00625.jpg,Gaziantep
626,2023-08-27,03:12:34,Oppo A77,DSC_00626.jpg,Antalya
627,2023-02-14,20:44:06,Xiaomi Redmi Note 12,DSC_00627.jpg,Bursa
628,2023-09-01,18:57:15,Poco X5 Pro,PHOTO_00628.jpg,Bursa
629,2023-01-21,02:34:59,Vestel Venus V7,PHOTO_00629.jpg,Diyarbakir
630,2024-09-05,22:30:13,Samsung Galaxy A34,PHOTO_00630.jpg,Istanbul
631,2024-06-05,13:58:18,Realme C55,PHOTO_00631.jpg,Mersin
632,2024-04-03,23:27:49,Casper VIA G4,DSC_00632.jpg,Igdir
633,2024-06-28,10:07:52,Huawei Nova Y90,IMG_00633.jpg,Istanbul
634,2024-09-04,16:12:04,Poco X5 Pro,DSC_00634.jpg,Antalya
635,2023-08-26,14:18:06,Samsung Galaxy A34,DSC_00635.jpg,Ankara
636,2023-01-29,03:29:39,Casper VIA G4,IMG_00636.jpg,Istanbul
637,2023-07-30,19:30:24,Xiaomi Redmi Note 12,IMG_00637.jpg,Bursa
638,2023-06-05,12:45:21,Samsung Galaxy A34,PHOTO_00638.jpg,Igdir
639,2023-08-25,00:39:41,Oppo A77,DSC_00639.jpg,Ankara
640,2024-03-18,08:21:11,Huawei Nova Y90,IMG_00640.jpg,Bursa
641,2024-07-01,11:52:11,Oppo A77,PHOTO_00641.jpg,Izmir
642,2023-11-26,17:32:10,Xiaomi Redmi Note 12,DSC_00642.jpg,Antalya
643,2023-10-25,20:55:10,Samsung Galaxy A34,IMG_00643.jpg,Bursa
644,2023-07-07,10:58:12,Poco X5 Pro,DSC_00644.jpg,Istanbul
645,2025-03-22,10:38:35,Oppo A77,PHOTO_00645.jpg,Izmir
646,2025-04-15,23:07:09,Huawei Nova Y90,IMG_00646.jpg,Igdir
647,2023-08-03,18:14:47,Tecno Camon 19 Pro,IMG_00647.jpg,Igdir
648,2024-02-19,13:55:12,Xiaomi Redmi Note 12,DSC_00648.jpg,Kayseri
649,2023-01-19,17:34:42,Huawei Nova Y90,DSC_00649.jpg,Igdir
650,2024-01-13,10:29:40,Samsung Galaxy A34,DSC_00650.jpg,Igdir
651,2023-01-23,09:23:58,Samsung Galaxy A54,IMG_00651.jpg,Gaziantep
652,2023-04-06,02:26:01,Xiaomi Redmi Note 12,DSC_00652.jpg,Diyarbakir
653,2023-07-28,16:12:17,Tecno Camon 19 Pro,PHOTO_00653.jpg,Ankara
654,2025-05-02,14:12:37,Oppo A77,DSC_00654.jpg,Erzurum
655,2024-07-16,01:30:59,Xiaomi Redmi Note 12,IMG_00655.jpg,Antalya
656,2023-07-30,15:07:09,Tecno Camon 19 Pro,PHOTO_00656.jpg,Mersin
657,2023-12-18,15:18:13,Vestel Venus V7,IMG_00657.jpg,Gaziantep
658,2024-02-05,02:41:37,General Mobile GM 22,IMG_00658.jpg,Ankara
659,2023-01-16,20:01:14,General Mobile GM 22,IMG_00659.jpg,Istanbul
660,2023-02-21,04:50:35,Casper VIA G4,IMG_00660.jpg,Diyarbakir
661,2023-06-10,05:54:27,Poco X5 Pro,DSC_00661.jpg,Ankara
662,2025-06-18,06:28:10,Tecno Camon 19 Pro,PHOTO_00662.jpg,Izmir
663,2023-10-10,00:54:37,Samsung Galaxy A34,DSC_00663.jpg,Diyarbakir
664,2024-09-01,03:12:20,Casper VIA G4,PHOTO_00664.jpg,Mersin
665,2024-10-28,04:53:26,Xiaomi Redmi Note 12,DSC_00665.jpg,Antalya
666,2025-02-07,04:48:26,Poco X5 Pro,PHOTO_00666.jpg,Ankara
667,2023-10-26,17:10:53,Samsung Galaxy A34,IMG_00667.jpg,Bursa
668,2023-08-13,15:32:00,Samsung Galaxy A34,DSC_00668.jpg,Antalya
669,2025-04-06,05:59:27,Realme C55,DSC_00669.jpg,Ankara
670,2025-01-25,08:16:56,Huawei Nova Y90,PHOTO_00670.jpg,Istanbul
671,2024-02-17,12:28:45,Samsung Galaxy A54,IMG_00671.jpg,Diyarbakir
672,2024-10-11,04:20:42,Realme C55,PHOTO_00672.jpg,Igdir
673,2024-12-04,08:54:15,Tecno Camon 19 Pro,IMG_00673.jpg,Diyarbakir
674,2024-09-08,08:16:27,Samsung Galaxy A54,DSC_00674.jpg,Diyarbakir
675,2025-01-30,11:13:33,Casper VIA G4,IMG_00675.jpg,Izmir
676,2024-05-27,00:57:21,Huawei Nova Y90,IMG_00676.jpg,Van
677,2023-06-10,18:33:34,Huawei Nova Y90,IMG_00677.jpg,Igdir
678,2024-05-02,18:09:28,Samsung Galaxy A34,PHOTO_00678.jpg,Ankara
679,2023-11-25,15:40:57,Oppo A77,PHOTO_00679.jpg,Igdir
680,2025-03-27,21:20:04,Huawei Nova Y90,PHOTO_00680.jpg,Antalya
681,2023-12-16,10:43:56,Xiaomi Redmi Note 12,PHOTO_00681.jpg,Istanbul
682,2023-01-09,03:27:27,Realme C55,DSC_00682.jpg,Izmir
683,2024-03-17,16:54:14,Poco X5 Pro,PHOTO_00683.jpg,Mersin
684,2024-12-08,10:18:42,Tecno Camon 19 Pro,DSC_00684.jpg,Igdir
685,2024-05-24,02:51:57,Xiaomi Redmi Note 12,DSC_00685.jpg,Diyarbakir
686,2024-02-27,14:58:58,Oppo A77,DSC_00686.jpg,Izmir
687,2023-05-02,14:32:14,Tecno Camon 19 Pro,PHOTO_00687.jpg,Diyarbakir
688,2024-01-29,07:56:41,Vestel Venus V7,DSC_00688.jpg,Istanbul
689,2024-12-21,21:48:24,Samsung Galaxy A54,DSC_00689.jpg,Izmir
690,2024-02-07,12:41:18,Huawei Nova Y90,IMG_00690.jpg,Mersin
691,2023-09-16,12:59:28,Samsung Galaxy A34,PHOTO_00691.jpg,Van
692,2025-05-06,10:51:53,Samsung Galaxy A54,PHOTO_00692.jpg,Diyarbakir
693,2024-10-30,00:54:43,Oppo A77,DSC_00693.jpg,Van
694,2024-05-05,21:26:41,Huawei Nova Y90,PHOTO_00694.jpg,Van
695,2023-10-09,07:58:02,Realme C55,IMG_00695.jpg,Izmir
696,2025-03-26,08:29:43,Tecno Camon 19 Pro,PHOTO_00696.jpg,Van
697,2023-02-24,21:02:59,Samsung Galaxy A54,DSC_00697.jpg,Igdir
698,2025-05-07,11:34:01,Oppo A77,IMG_00698.jpg,Diyarbakir
699,2025-03-09,00:26:31,Samsung Galaxy A54,IMG_00699.jpg,Antalya
700,2025-01-24,03:04:27,Huawei Nova Y90,DSC_00700.jpg,Izmir
701,2023-07-09,17:24:17,Samsung Galaxy A34,PHOTO_00701.jpg,Erzurum
702,2024-03-27,06:18:03,Realme C55,DSC_00702.jpg,Igdir
703,2025-06-20,17:56:37,Huawei Nova Y90,IMG_00703.jpg,Gaziantep
704,2025-02-05,03:20:04,Oppo A77,PHOTO_00704.jpg,Ankara
705,2024-05-08,04:44:32,Vestel Venus V7,IMG_00705.jpg,Mersin
706,2024-12-01,23:18:06,Tecno Camon 19 Pro,IMG_00706.jpg,Bursa
707,2023-08-19,23:09:30,Casper VIA G4,DSC_00707.jpg,Bursa
708,2023-08-12,22:38:18,General Mobile GM 22,DSC_00708.jpg,Igdir
709,2023-03-07,17:51:57,Realme C55,PHOTO_00709.jpg,Istanbul
710,2023-11-12,19:59:59,Oppo A77,DSC_00710.jpg,Bursa
711,2024-07-10,14:47:00,Realme C55,DSC_00711.jpg,Bursa
712,2023-07-18,20:57:16,Realme C55,PHOTO_00712.jpg,Istanbul
713,2023-12-08,02:52:41,Samsung Galaxy A54,IMG_00713.jpg,Istanbul
714,2023-07-24,13:34:29,Oppo A77,IMG_00714.jpg,Igdir
715,2023-01-13,17:50:41,Xiaomi Redmi Note 12,PHOTO_00715.jpg,Ankara
716,2023-06-28,06:19:33,Oppo A77,DSC_00716.jpg,Van
717,2025-04-21,16:22:58,Tecno Camon 19 Pro,PHOTO_00717.jpg,Istanbul
718,2023-02-13,21:25:01,General Mobile GM 22,DSC_00718.jpg,Van
719,2024-07-14,14:52:43,Huawei Nova Y90,IMG_00719.jpg,Mersin
720,2024-01-15,13:26:27,General Mobile GM 22,PHOTO_00720.jpg,Bursa
721,2024-09-10,19:52:24,General Mobile GM 22,IMG_00721.jpg,Igdir
722,2024-08-16,02:27:13,Huawei Nova Y90,IMG_00722.jpg,Diyarbakir
723,2023-10-04,20:43:58,Oppo A77,IMG_00723.jpg,Gaziantep
724,2024-05-01,21:40:27,Samsung Galaxy A34,IMG_00724.jpg,Bursa
725,2025-06-01,23:01:56,Oppo A77,DSC_00725.jpg,Van
726,2023-05-16,14:50:54,Oppo A77,IMG_00726.jpg,Kayseri
727,2023-10-09,12:01:47,Samsung Galaxy A54,PHOTO_00727.jpg,Izmir
728,2024-03-12,05:03:29,Tecno Camon 19 Pro,IMG_00728.jpg,Diyarbakir
729,2025-02-02,02:24:23,Xiaomi Redmi Note 12,DSC_00729.jpg,Igdir
730,2023-10-12,15:24:27,Samsung Galaxy A34,DSC_00730.jpg,Istanbul
731,2025-03-29,15:30:05,Samsung Galaxy A34,PHOTO_00731.jpg,Erzurum
732,2023-03-08,13:43:30,Huawei Nova Y90,IMG_00732.jpg,Van
733,2024-03-28,22:54:41,Samsung Galaxy A34,IMG_00733.jpg,Istanbul
734,2023-05-05,21:05:01,Realme C55,DSC_00734.jpg,Izmir
735,2024-08-20,16:35:54,Vestel Venus V7,IMG_00735.jpg,Izmir
736,2025-06-04,04:55:40,Huawei Nova Y90,DSC_00736.jpg,Izmir
737,2024-06-02,12:48:17,Realme C55,IMG_00737.jpg,Diyarbakir
738,2024-02-02,01:04:30,Huawei Nova Y90,DSC_00738.jpg,Bursa
739,2024-09-22,01:25:55,Casper VIA G4,DSC_00739.jpg,Ankara
740,2024-07-12,16:37:20,General Mobile GM 22,IMG_00740.jpg,Mersin
741,2024-09-19,19:01:31,Casper VIA G4,PHOTO_00741.jpg,Van
742,2023-08-30,15:42:05,Huawei Nova Y90,DSC_00742.jpg,Diyarbakir
743,2024-01-16,14:30:16,General Mobile GM 22,DSC_00743.jpg,Antalya
744,2025-02-12,19:00:59,Samsung Galaxy A54,IMG_00744.jpg,Bursa
745,2023-11-23,06:52:14,Realme C55,PHOTO_00745.jpg,Ankara
746,2023-07-20,17:12:27,Oppo A77,IMG_00746.jpg,Istanbul
747,2024-06-22,07:47:19,Oppo A77,IMG_00747.jpg,Istanbul
748,2024-10-18,18:26:24,Casper VIA G4,IMG_00748.jpg,Van
749,2024-04-02,20:28:18,Casper VIA G4,DSC_00749.jpg,Igdir
750,2024-05-05,06:16:37,Poco X5 Pro,IMG_00750.jpg,Diyarbakir
751,2024-09-02,18:38:00,Oppo A77,IMG_00751.jpg,Antalya
752,2025-04-18,21:47:27,Oppo A77,IMG_00752.jpg,Diyarbakir
753,2023-12-28,13:43:14,Oppo A77,IMG_00753.jpg,Igdir
754,2025-05-12,12:41:12,Poco X5 Pro,IMG_00754.jpg,Van
755,2025-05-07,00:09:04,Realme C55,DSC_00755.jpg,Ankara
756,2025-01-26,10:40:22,Xiaomi Redmi Note 12,PHOTO_00756.jpg,Istanbul
757,2024-11-21,01:23:20,Samsung Galaxy A54,IMG_00757.jpg,Erzurum
758,2025-01-22,12:28:33,Samsung Galaxy A34,DSC_00758.jpg,Bursa
759,2024-11-03,08:55:18,Samsung Galaxy A54,PHOTO_00759.jpg,Van
760,2023-04-12,14:00:29,Samsung Galaxy A54,DSC_00760.jpg,Erzurum
761,2024-07-31,00:51:42,Samsung Galaxy A54,DSC_00761.jpg,Gaziantep
762,2023-09-17,13:53:14,Samsung Galaxy A34,PHOTO_00762.jpg,Kayseri
763,2023-02-01,12:14:22,Realme C55,DSC_00763.jpg,Ankara
764,2024-06-06,07:42:35,Casper VIA G4,IMG_00764.jpg,Antalya
765,2024-03-03,14:20:43,Huawei Nova Y90,IMG_00765.jpg,Antalya
766,2023-01-09,18:35:48,Casper VIA G4,DSC_00766.jpg,Diyarbakir
767,2024-11-10,16:24:04,General Mobile GM 22,DSC_00767.jpg,Igdir
768,2024-09-21,17:51:10,Samsung Galaxy A54,IMG_00768.jpg,Igdir
769,2025-02-01,19:15:30,General Mobile GM 22,DSC_00769.jpg,Erzurum
770,2024-11-30,21:47:49,Tecno Camon 19 Pro,IMG_00770.jpg,Erzurum
771,2024-03-15,22:38:39,General Mobile GM 22,PHOTO_00771.jpg,Van
772,2024-02-20,02:29:08,Xiaomi Redmi Note 12,PHOTO_00772.jpg,Izmir
773,2023-11-20,07:49:09,Casper VIA G4,IMG_00773.jpg,Istanbul
774,2023-04-08,06:27:49,Vestel Venus V7,IMG_00774.jpg,Erzurum
775,2023-10-09,11:49:40,Casper VIA G4,IMG_00775.jpg,Izmir
776,2025-04-06,17:38:08,Samsung Galaxy A54,IMG_00776.jpg,Bursa
777,2023-08-13,13:59:23,Huawei Nova Y90,PHOTO_00777.jpg,Istanbul
778,2024-06-14,05:03:59,Vestel Venus V7,PHOTO_00778.jpg,Bursa
779,2023-07-03,22:51:52,Vestel Venus V7,IMG_00779.jpg,Izmir
780,2023-06-21,03:11:12,Huawei Nova Y90,IMG_00780.jpg,Kayseri
781,2024-07-07,09:18:43,Tecno Camon 19 Pro,IMG_00781.jpg,Gaziantep
782,2023-10-22,02:28:35,Vestel Venus V7,DSC_00782.jpg,Erzurum
783,2023-02-14,16:02:41,Vestel Venus V7,IMG_00783.jpg,Igdir
784,2024-12-30,11:07:27,Vestel Venus V7,PHOTO_00784.jpg,Kayseri
785,2023-12-01,23:06:22,Xiaomi Redmi Note 12,PHOTO_00785.jpg,Gaziantep
786,2023-04-06,21:46:36,Huawei Nova Y90,PHOTO_00786.jpg,Gaziantep
787,2023-10-25,05:39:54,Realme C55,PHOTO_00787.jpg,Izmir
788,2025-06-12,02:34:40,Samsung Galaxy A54,DSC_00788.jpg,Bursa
789,2024-02-09,08:02:05,Samsung Galaxy A54,DSC_00789.jpg,Izmir
790,2024-08-06,15:18:20,Tecno Camon 19 Pro,DSC_00790.jpg,Bursa
791,2023-11-02,15:41:35,Huawei Nova Y90,DSC_00791.jpg,Igdir
792,2024-11-08,23:20:10,Huawei Nova Y90,PHOTO_00792.jpg,Ankara
793,2025-02-28,12:37:29,Poco X5 Pro,PHOTO_00793.jpg,Bursa
794,2024-01-15,21:28:40,Samsung Galaxy A54,PHOTO_00794.jpg,Ankara
795,2023-11-11,07:39:47,Samsung Galaxy A54,DSC_00795.jpg,Izmir
796,2024-01-15,12:06:44,Samsung Galaxy A34,PHOTO_00796.jpg,Izmir
797,2024-02-13,17:08:18,Xiaomi Redmi Note 12,DSC_00797.jpg,Diyarbakir
798,2023-06-29,01:38:07,Tecno Camon 19 Pro,IMG_00798.jpg,Erzurum
799,2024-08-01,00:12:46,Oppo A77,PHOTO_00799.jpg,Van
800,2023-03-29,05:34:40,Tecno Camon 19 Pro,DSC_00800.jpg,Diyarbakir
801,2024-06-23,20:57:41,Huawei Nova Y90,IMG_00801.jpg,Kayseri
802,2023-12-09,20:49:32,Tecno Camon 19 Pro,PHOTO_00802.jpg,Istanbul
803,2024-12-15,14:34:35,Poco X5 Pro,PHOTO_00803.jpg,Diyarbakir
804,2023-09-18,08:03:41,Vestel Venus V7,IMG_00804.jpg,Ankara
805,2023-03-23,00:04:39,Samsung Galaxy A34,IMG_00805.jpg,Van
806,2024-04-23,00:48:05,Oppo A77,IMG_00806.jpg,Van
807,2023-03-19,19:29:45,General Mobile GM 22,DSC_00807.jpg,Gaziantep
808,2024-02-08,08:55:39,Oppo A77,PHOTO_00808.jpg,Ankara
809,2023-01-23,06:07:15,Huawei Nova Y90,PHOTO_00809.jpg,Diyarbakir
810,2023-03-21,09:39:08,General Mobile GM 22,PHOTO_00810.jpg,Diyarbakir
811,2024-02-07,21:45:06,Tecno Camon 19 Pro,IMG_00811.jpg,Bursa
812,2023-09-22,14:14:07,Tecno Camon 19 Pro,IMG_00812.jpg,Gaziantep
813,2024-11-17,20:23:38,General Mobile GM 22,DSC_00813.jpg,Mersin
814,2024-04-28,00:35:01,Xiaomi Redmi Note 12,DSC_00814.jpg,Diyarbakir
815,2025-05-25,12:31:23,Vestel Venus V7,DSC_00815.jpg,Gaziantep
816,2023-06-19,07:48:12,Samsung Galaxy A54,DSC_00816.jpg,Mersin
817,2024-06-26,06:52:41,Samsung Galaxy A34,DSC_00817.jpg,Diyarbakir
818,2023-09-01,04:08:27,Samsung Galaxy A54,DSC_00818.jpg,Van
819,2023-01-12,17:06:26,General Mobile GM 22,PHOTO_00819.jpg,Istanbul
820,2024-01-26,16:57:20,General Mobile GM 22,DSC_00820.jpg,Van
821,2023-09-15,08:44:58,Samsung Galaxy A54,PHOTO_00821.jpg,Igdir
822,2024-12-15,17:28:09,Huawei Nova Y90,IMG_00822.jpg,Istanbul
823,2025-06-04,15:56:47,Samsung Galaxy A34,IMG_00823.jpg,Igdir
824,2024-06-24,16:51:58,Oppo A77,PHOTO_00824.jpg,Diyarbakir
825,2025-05-24,01:16:36,General Mobile GM 22,DSC_00825.jpg,Kayseri
826,2024-11-15,01:27:16,Tecno Camon 19 Pro,DSC_00826.jpg,Igdir
827,2024-09-07,21:56:49,Xiaomi Redmi Note 12,PHOTO_00827.jpg,Mersin
828,2023-12-08,04:27:52,Oppo A77,PHOTO_00828.jpg,Igdir
829,2025-02-21,01:36:39,Poco X5 Pro,IMG_00829.jpg,Istanbul
830,2023-01-07,01:30:39,Poco X5 Pro,PHOTO_00830.jpg,Erzurum
831,2024-12-15,07:54:14,Realme C55,IMG_00831.jpg,Erzurum
832,2023-09-07,04:04:11,Realme C55,DSC_00832.jpg,Diyarbakir
833,2023-01-08,17:14:29,Samsung Galaxy A34,IMG_00833.jpg,Istanbul
834,2024-10-08,22:23:00,General Mobile GM 22,DSC_00834.jpg,Izmir
835,2024-05-13,23:42:18,Xiaomi Redmi Note 12,DSC_00835.jpg,Ankara
836,2023-09-05,03:40:09,Xiaomi Redmi Note 12,PHOTO_00836.jpg,Mersin
837,2024-03-31,15:12:28,Poco X5 Pro,DSC_00837.jpg,Mersin
838,2023-02-11,14:35:03,General Mobile GM 22,DSC_00838.jpg,Igdir
839,2023-07-22,07:31:07,Samsung Galaxy A34,DSC_00839.jpg,Erzurum
840,2024-12-15,11:37:11,Xiaomi Redmi Note 12,DSC_00840.jpg,Izmir
841,2023-05-25,02:58:21,Casper VIA G4,IMG_00841.jpg,Istanbul
842,2025-06-14,13:10:16,Realme C55,PHOTO_00842.jpg,Antalya
843,2023-07-16,13:39:16,Samsung Galaxy A34,PHOTO_00843.jpg,Van
844,2023-02-09,01:26:59,General Mobile GM 22,PHOTO_00844.jpg,Diyarbakir
845,2023-06-05,02:26:00,Poco X5 Pro,IMG_00845.jpg,Igdir
846,2024-09-05,11:04:36,Vestel Venus V7,PHOTO_00846.jpg,Ankara
847,2023-06-14,19:26:24,Samsung Galaxy A54,IMG_00847.jpg,Ankara
848,2024-10-28,00:41:26,Samsung Galaxy A54,IMG_00848.jpg,Igdir
849,2023-07-18,13:29:14,Tecno Camon 19 Pro,IMG_00849.jpg,Istanbul
850,2024-05-13,04:52:50,Samsung Galaxy A54,IMG_00850.jpg,Erzurum
851,2023-11-03,23:22:25,Vestel Venus V7,DSC_00851.jpg,Izmir
852,2025-02-05,19:56:58,Samsung Galaxy A54,DSC_00852.jpg,Van
853,2024-01-24,07:06:03,Realme C55,PHOTO_00853.jpg,Igdir
854,2023-09-08,15:52:57,Tecno Camon 19 Pro,DSC_00854.jpg,Diyarbakir
855,2024-10-24,04:29:19,Xiaomi Redmi Note 12,PHOTO_00855.jpg,Bursa
856,2023-05-29,07:54:05,Xiaomi Redmi Note 12,IMG_00856.jpg,Ankara
857,2023-07-20,10:00:19,Huawei Nova Y90,IMG_00857.jpg,Igdir
858,2024-12-12,12:37:50,Realme C55,PHOTO_00858.jpg,Mersin
859,2025-02-25,10:04:19,Tecno Camon 19 Pro,DSC_00859.jpg,Diyarbakir
860,2024-06-28,15:01:14,Realme C55,IMG_00860.jpg,Van
861,2023-07-18,22:40:30,General Mobile GM 22,PHOTO_00861.jpg,Antalya
862,2023-12-02,23:43:34,Xiaomi Redmi Note 12,DSC_00862.jpg,Mersin
863,2024-06-10,12:24:42,Samsung Galaxy A54,DSC_00863.jpg,Bursa
864,2025-03-03,08:56:18,Oppo A77,PHOTO_00864.jpg,Diyarbakir
865,2024-06-06,06:58:40,Poco X5 Pro,IMG_00865.jpg,Bursa
866,2025-03-30,11:12:44,Huawei Nova Y90,DSC_00866.jpg,Diyarbakir
867,2023-09-20,11:47:44,Samsung Galaxy A54,DSC_00867.jpg,Gaziantep
868,2023-09-14,00:46:35,General Mobile GM 22,DSC_00868.jpg,Istanbul
869,2024-11-03,22:16:06,General Mobile GM 22,PHOTO_00869.jpg,Bursa
870,2025-06-03,11:57:34,Samsung Galaxy A54,PHOTO_00870.jpg,Kayseri
871,2024-06-22,13:42:22,General Mobile GM 22,IMG_00871.jpg,Van
872,2024-09-03,15:17:39,Samsung Galaxy A34,IMG_00872.jpg,Izmir
873,2023-07-10,08:20:24,Vestel Venus V7,IMG_00873.jpg,Van
874,2024-03-14,15:21:01,Casper VIA G4,DSC_00874.jpg,Izmir
875,2025-02-28,00:53:25,General Mobile GM 22,IMG_00875.jpg,Van
876,2024-05-10,08:11:11,Casper VIA G4,IMG_00876.jpg,Erzurum
877,2024-10-16,13:08:04,Samsung Galaxy A54,IMG_00877.jpg,Diyarbakir
878,2023-09-08,20:39:19,Realme C55,IMG_00878.jpg,Igdir
879,2024-02-08,09:56:53,Tecno Camon 19 Pro,PHOTO_00879.jpg,Antalya
880,2024-07-01,18:49:53,Casper VIA G4,DSC_00880.jpg,Diyarbakir
881,2024-07-20,19:43:34,Huawei Nova Y90,DSC_00881.jpg,Diyarbakir
882,2024-09-24,20:20:30,Tecno Camon 19 Pro,DSC_00882.jpg,Igdir
883,2023-09-15,19:03:34,Samsung Galaxy A34,PHOTO_00883.jpg,Gaziantep
884,2024-10-19,16:21:16,Samsung Galaxy A34,DSC_00884.jpg,Igdir
885,2025-04-17,11:25:15,General Mobile GM 22,DSC_00885.jpg,Ankara
886,2023-10-17,19:34:27,Samsung Galaxy A34,IMG_00886.jpg,Ankara
887,2023-03-15,01:05:35,Oppo A77,PHOTO_00887.jpg,Istanbul
888,2023-07-19,09:00:59,Realme C55,DSC_00888.jpg,Erzurum
889,2025-04-12,15:06:32,Realme C55,PHOTO_00889.jpg,Istanbul
890,2023-02-11,12:07:53,Samsung Galaxy A34,IMG_00890.jpg,Mersin
891,2023-05-09,11:21:25,Poco X5 Pro,IMG_00891.jpg,Igdir
892,2023-03-31,01:19:47,Samsung Galaxy A34,PHOTO_00892.jpg,Ankara
893,2023-05-25,07:22:35,Casper VIA G4,PHOTO_00893.jpg,Izmir
894,2024-12-31,05:18:18,Poco X5 Pro,DSC_00894.jpg,Ankara
895,2023-06-03,10:52:29,Poco X5 Pro,IMG_00895.jpg,Igdir
896,2023-01-07,04:52:30,Poco X5 Pro,DSC_00896.jpg,Ankara
897,2024-05-12,14:51:40,Xiaomi Redmi Note 12,DSC_00897.jpg,Kayseri
898,2023-11-25,22:56:29,General Mobile GM 22,DSC_00898.jpg,Erzurum
899,2024-05-01,03:09:16,Tecno Camon 19 Pro,PHOTO_00899.jpg,Igdir
900,2024-07-03,01:33:58,Samsung Galaxy A34,PHOTO_00900.jpg,Izmir
901,2023-10-31,13:51:18,Vestel Venus V7,PHOTO_00901.jpg,Izmir
902,2023-03-07,01:05:01,Huawei Nova Y90,IMG_00902.jpg,Igdir
903,2023-10-17,00:23:59,Xiaomi Redmi Note 12,PHOTO_00903.jpg,Igdir
904,2023-09-10,15:38:11,Samsung Galaxy A54,IMG_00904.jpg,Istanbul
905,2023-09-20,11:00:34,Tecno Camon 19 Pro,PHOTO_00905.jpg,Diyarbakir
906,2023-02-07,06:47:16,Tecno Camon 19 Pro,PHOTO_00906.jpg,Istanbul
907,2024-05-16,23:34:01,Huawei Nova Y90,PHOTO_00907.jpg,Ankara
908,2023-01-07,22:48:47,Huawei Nova Y90,DSC_00908.jpg,Antalya
909,2025-01-28,16:20:30,Casper VIA G4,PHOTO_00909.jpg,Bursa
910,2024-05-05,07:48:54,Xiaomi Redmi Note 12,IMG_00910.jpg,Istanbul
911,2023-11-21,12:24:59,Vestel Venus V7,IMG_00911.jpg,Antalya
912,2024-06-25,04:23:45,Poco X5 Pro,IMG_00912.jpg,Van
913,2023-09-08,02:43:16,Huawei Nova Y90,IMG_00913.jpg,Diyarbakir
914,2023-03-28,02:53:04,Realme C55,IMG_00914.jpg,Mersin
915,2023-05-25,23:33:33,Casper VIA G4,PHOTO_00915.jpg,Bursa
916,2025-04-18,22:12:11,Huawei Nova Y90,PHOTO_00916.jpg,Mersin
917,2023-04-12,06:59:10,Samsung Galaxy A34,PHOTO_00917.jpg,Diyarbakir
918,2025-05-09,23:19:55,Tecno Camon 19 Pro,IMG_00918.jpg,Van
919,2024-03-09,15:05:34,Huawei Nova Y90,IMG_00919.jpg,Diyarbakir
920,2024-01-13,10:38:25,Oppo A77,PHOTO_00920.jpg,Antalya
921,2023-05-01,03:03:56,Samsung Galaxy A54,PHOTO_00921.jpg,Van
922,2025-01-25,01:45:04,Oppo A77,PHOTO_00922.jpg,Ankara
923,2023-08-31,15:58:44,Poco X5 Pro,DSC_00923.jpg,Gaziantep
924,2023-05-24,03:30:44,Vestel Venus V7,IMG_00924.jpg,Izmir
925,2023-01-19,08:54:17,Vestel Venus V7,DSC_00925.jpg,Istanbul
926,2023-02-22,13:08:35,Samsung Galaxy A54,PHOTO_00926.jpg,Ankara
927,2024-02-01,10:40:19,Huawei Nova Y90,DSC_00927.jpg,Kayseri
928,2023-01-17,00:08:11,Samsung Galaxy A34,PHOTO_00928.jpg,Istanbul
929,2024-03-07,03:28:21,Oppo A77,IMG_00929.jpg,Diyarbakir
930,2024-12-05,02:07:57,Xiaomi Redmi Note 12,PHOTO_00930.jpg,Diyarbakir
931,2024-08-27,09:51:50,Casper VIA G4,DSC_00931.jpg,Ankara
932,2024-10-03,14:01:50,Samsung Galaxy A34,PHOTO_00932.jpg,Istanbul
933,2023-04-21,10:07:44,Tecno Camon 19 Pro,PHOTO_00933.jpg,Izmir
934,2024-03-20,02:57:35,Huawei Nova Y90,IMG_00934.jpg,Igdir
935,2024-02-05,05:00:14,Samsung Galaxy A54,IMG_00935.jpg,Van
936,2024-01-22,03:59:17,Oppo A77,IMG_00936.jpg,Ankara
937,2024-11-13,17:23:33,Huawei Nova Y90,IMG_00937.jpg,Igdir
938,2024-11-01,08:03:44,Poco X5 Pro,DSC_00938.jpg,Van
939,2024-04-03,01:26:30,Tecno Camon 19 Pro,DSC_00939.jpg,Bursa
940,2024-03-31,06:30:09,Realme C55,DSC_00940.jpg,Igdir
941,2024-06-23,23:00:41,Poco X5 Pro,IMG_00941.jpg,Mersin
942,2023-10-04,01:54:29,Realme C55,DSC_00942.jpg,Diyarbakir
943,2025-01-12,17:23:23,Tecno Camon 19 Pro,PHOTO_00943.jpg,Antalya
944,2025-01-02,20:53:18,Tecno Camon 19 Pro,DSC_00944.jpg,Antalya
945,2025-03-16,05:58:40,General Mobile GM 22,PHOTO_00945.jpg,Gaziantep
946,2024-03-11,20:15:43,Samsung Galaxy A34,DSC_00946.jpg,Diyarbakir
947,2024-08-29,21:51:03,Xiaomi Redmi Note 12,IMG_00947.jpg,Mersin
948,2024-11-26,18:59:36,Samsung Galaxy A34,IMG_00948.jpg,Bursa
949,2023-08-26,11:47:54,Huawei Nova Y90,DSC_00949.jpg,Izmir
950,2023-12-13,21:02:26,Xiaomi Redmi Note 12,DSC_00950.jpg,Ankara
951,2023-11-19,01:12:48,Samsung Galaxy A54,DSC_00951.jpg,Istanbul
952,2025-03-31,15:42:47,Casper VIA G4,PHOTO_00952.jpg,Istanbul
953,2023-09-15,04:45:14,Vestel Venus V7,DSC_00953.jpg,Izmir
954,2025-04-24,16:53:15,Realme C55,DSC_00954.jpg,Istanbul
955,2023-05-25,08:44:00,Xiaomi Redmi Note 12,DSC_00955.jpg,Istanbul
956,2025-01-12,11:58:53,Samsung Galaxy A34,DSC_00956.jpg,Van
957,2023-04-13,18:33:01,Realme C55,PHOTO_00957.jpg,Ankara
958,2023-08-03,23:05:37,Samsung Galaxy A54,DSC_00958.jpg,Izmir
959,2024-04-16,21:28:40,Poco X5 Pro,IMG_00959.jpg,Van
960,2025-05-20,04:20:39,Oppo A77,DSC_00960.jpg,Igdir
961,2025-04-20,23:26:45,Samsung Galaxy A54,PHOTO_00961.jpg,Bursa
962,2025-06-19,17:35:40,Samsung Galaxy A54,IMG_00962.jpg,Izmir
963,2023-10-24,18:49:41,Huawei Nova Y90,PHOTO_00963.jpg,Mersin
964,2023-04-17,15:50:33,Tecno Camon 19 Pro,DSC_00964.jpg,Izmir
965,2023-03-19,17:09:50,General Mobile GM 22,PHOTO_00965.jpg,Kayseri
966,2023-06-11,18:09:50,Huawei Nova Y90,DSC_00966.jpg,Bursa
967,2023-08-07,08:40:12,Realme C55,DSC_00967.jpg,Diyarbakir
968,2024-02-10,14:01:22,Samsung Galaxy A54,DSC_00968.jpg,Antalya
969,2023-02-04,08:56:44,Samsung Galaxy A54,PHOTO_00969.jpg,Istanbul
970,2023-01-26,18:53:41,Xiaomi Redmi Note 12,DSC_00970.jpg,Igdir
971,2024-03-10,18:47:57,Samsung Galaxy A34,IMG_00971.jpg,Erzurum
972,2023-12-30,23:35:53,Poco X5 Pro,DSC_00972.jpg,Erzurum
973,2023-05-03,01:06:46,Realme C55,DSC_00973.jpg,Bursa
974,2024-03-04,04:47:23,Poco X5 Pro,PHOTO_00974.jpg,Izmir
975,2024-12-21,20:59:38,Vestel Venus V7,DSC_00975.jpg,Diyarbakir
976,2024-05-01,00:36:02,Samsung Galaxy A54,DSC_00976.jpg,Erzurum
977,2025-06-14,18:42:52,Poco X5 Pro,DSC_00977.jpg,Igdir
978,2023-08-30,09:56:49,Casper VIA G4,IMG_00978.jpg,Istanbul
979,2024-07-09,12:03:39,Samsung Galaxy A54,DSC_00979.jpg,Kayseri
980,2024-11-28,21:02:45,Huawei Nova Y90,DSC_00980.jpg,Bursa
981,2024-06-20,00:04:26,Casper VIA G4,DSC_00981.jpg,Izmir
982,2023-06-06,01:23:28,Vestel Venus V7,IMG_00982.jpg,Ankara
983,2024-10-07,04:57:05,Huawei Nova Y90,PHOTO_00983.jpg,Ankara
984,2023-11-16,16:25:29,Samsung Galaxy A34,IMG_00984.jpg,Igdir
985,2023-02-06,09:59:34,Samsung Galaxy A34,IMG_00985.jpg,Izmir
986,2025-04-15,03:03:25,General Mobile GM 22,PHOTO_00986.jpg,Bursa
987,2023-12-27,19:23:01,Huawei Nova Y90,IMG_00987.jpg,Igdir
988,2023-01-13,10:02:50,Huawei Nova Y90,PHOTO_00988.jpg,Gaziantep
989,2025-02-28,22:41:13,Casper VIA G4,DSC_00989.jpg,Antalya
990,2025-03-16,19:07:23,Xiaomi Redmi Note 12,PHOTO_00990.jpg,Istanbul
991,2024-08-16,12:39:08,General Mobile GM 22,DSC_00991.jpg,Gaziantep
992,2025-04-30,17:46:28,Oppo A77,IMG_00992.jpg,Van
993,2024-08-26,19:21:09,Huawei Nova Y90,PHOTO_00993.jpg,Kayseri
994,2023-01-18,03:09:09,Tecno Camon 19 Pro,IMG_00994.jpg,Erzurum
995,2025-02-19,17:54:48,Samsung Galaxy A34,IMG_00995.jpg,Istanbul
996,2024-12-21,17:17:40,Xiaomi Redmi Note 12,DSC_00996.jpg,Izmir
997,2025-05-20,17:00:26,Samsung Galaxy A34,IMG_00997.jpg,Bursa
998,2023-05-02,18:54:03,Oppo A77,DSC_00998.jpg,Antalya
999,2023-02-05,06:19:34,Oppo A77,IMG_00999.jpg,Gaziantep
1000,2024-04-16,19:46:47,Samsung Galaxy A34,DSC_01000.jpg,Bursa
1001,2024-05-04,19:12:35,Casper VIA G4,IMG_01001.jpg,Igdir
1002,2023-02-28,05:18:21,Poco X5 Pro,IMG_01002.jpg,Bursa
1003,2023-08-24,23:58:46,Vestel Venus V7,PHOTO_01003.jpg,Istanbul
1004,2024-11-21,11:26:20,General Mobile GM 22,PHOTO_01004.jpg,Ankara
1005,2023-07-05,09:02:16,Tecno Camon 19 Pro,DSC_01005.jpg,Gaziantep
1006,2023-01-28,18:48:26,Tecno Camon 19 Pro,PHOTO_01006.jpg,Diyarbakir
1007,2025-02-04,03:48:22,Tecno Camon 19 Pro,DSC_01007.jpg,Gaziantep
1008,2024-08-25,17:43:36,Casper VIA G4,IMG_01008.jpg,Izmir
1009,2024-10-16,16:19:05,Casper VIA G4,IMG_01009.jpg,Gaziantep
1010,2023-10-10,18:10:22,General Mobile GM 22,DSC_01010.jpg,Gaziantep
1011,2023-02-07,16:40:26,General Mobile GM 22,IMG_01011.jpg,Antalya
1012,2024-04-07,02:26:51,Poco X5 Pro,PHOTO_01012.jpg,Istanbul
1013,2024-12-26,20:50:34,Samsung Galaxy A54,PHOTO_01013.jpg,Ankara
1014,2023-06-20,15:04:49,Samsung Galaxy A54,PHOTO_01014.jpg,Ankara
1015,2023-07-26,22:02:40,Samsung Galaxy A34,IMG_01015.jpg,Diyarbakir
1016,2024-01-19,06:56:05,General Mobile GM 22,DSC_01016.jpg,Ankara
1017,2024-03-04,11:38:38,Poco X5 Pro,DSC_01017.jpg,Antalya
1018,2023-01-08,16:11:12,Samsung Galaxy A54,PHOTO_01018.jpg,Diyarbakir
1019,2024-06-20,03:39:59,Tecno Camon 19 Pro,IMG_01019.jpg,Istanbul
1020,2024-07-01,21:01:03,Oppo A77,IMG_01020.jpg,Van
1021,2024-08-27,10:29:44,Samsung Galaxy A54,PHOTO_01021.jpg,Mersin
1022,2025-03-29,10:26:46,Samsung Galaxy A54,DSC_01022.jpg,Igdir
1023,2024-08-17,13:28:12,Xiaomi Redmi Note 12,IMG_01023.jpg,Van
1024,2024-06-06,08:31:45,Oppo A77,DSC_01024.jpg,Antalya
1025,2025-03-20,17:27:48,Realme C55,IMG_01025.jpg,Mersin
1026,2025-01-11,23:42:38,Samsung Galaxy A54,DSC_01026.jpg,Istanbul
1027,2024-09-03,01:16:23,Samsung Galaxy A54,IMG_01027.jpg,Antalya
1028,2023-12-15,14:22:01,Xiaomi Redmi Note 12,PHOTO_01028.jpg,Igdir
1029,2024-07-15,23:16:23,Tecno Camon 19 Pro,IMG_01029.jpg,Izmir
1030,2024-04-12,16:50:04,Xiaomi Redmi Note 12,IMG_01030.jpg,Ankara
1031,2024-02-13,18:27:21,Huawei Nova Y90,DSC_01031.jpg,Igdir
1032,2024-08-24,06:46:20,Poco X5 Pro,DSC_01032.jpg,Diyarbakir
1033,2024-10-17,05:37:34,Xiaomi Redmi Note 12,IMG_01033.jpg,Diyarbakir
1034,2023-07-13,09:20:55,Tecno Camon 19 Pro,IMG_01034.jpg,Kayseri
1035,2023-06-04,20:16:48,Huawei Nova Y90,IMG_01035.jpg,Istanbul
1036,2025-02-02,01:19:08,Samsung Galaxy A54,IMG_01036.jpg,Ankara
1037,2025-03-28,04:29:14,Poco X5 Pro,IMG_01037.jpg,Izmir
1038,2024-11-02,13:38:09,Huawei Nova Y90,DSC_01038.jpg,Istanbul
1039,2024-01-24,10:23:50,Xiaomi Redmi Note 12,PHOTO_01039.jpg,Diyarbakir
1040,2023-06-24,01:33:27,Vestel Venus V7,DSC_01040.jpg,Istanbul
1041,2024-12-16,20:38:29,Huawei Nova Y90,IMG_01041.jpg,Antalya
1042,2025-02-03,23:02:41,Oppo A77,DSC_01042.jpg,Igdir
1043,2025-01-17,05:51:51,Xiaomi Redmi Note 12,IMG_01043.jpg,Antalya
1044,2025-05-06,14:36:42,Xiaomi Redmi Note 12,IMG_01044.jpg,Igdir
1045,2025-01-20,18:54:21,General Mobile GM 22,PHOTO_01045.jpg,Ankara
1046,2024-03-14,09:10:23,General Mobile GM 22,PHOTO_01046.jpg,Bursa
1047,2025-02-21,17:39:02,Samsung Galaxy A34,IMG_01047.jpg,Van
1048,2024-08-31,00:49:37,Samsung Galaxy A54,PHOTO_01048.jpg,Izmir
1049,2024-10-26,10:51:13,Samsung Galaxy A54,DSC_01049.jpg,Van
1050,2023-03-10,09:14:31,General Mobile GM 22,IMG_01050.jpg,Igdir
1051,2024-09-06,01:43:03,Samsung Galaxy A54,DSC_01051.jpg,Diyarbakir
1052,2025-06-06,20:16:12,Tecno Camon 19 Pro,PHOTO_01052.jpg,Erzurum
1053,2023-01-31,14:56:29,Samsung Galaxy A34,IMG_01053.jpg,Izmir
1054,2025-04-22,13:58:54,Vestel Venus V7,PHOTO_01054.jpg,Mersin
1055,2023-09-19,16:41:30,Realme C55,IMG_01055.jpg,Mersin
1056,2023-04-30,02:11:03,Samsung Galaxy A54,DSC_01056.jpg,Antalya
1057,2024-07-13,12:20:29,Tecno Camon 19 Pro,PHOTO_01057.jpg,Igdir
1058,2024-03-05,07:23:08,Samsung Galaxy A54,IMG_01058.jpg,Kayseri
1059,2024-10-02,18:05:29,Samsung Galaxy A34,DSC_01059.jpg,Istanbul
1060,2025-02-05,16:42:00,Vestel Venus V7,DSC_01060.jpg,Erzurum
1061,2024-07-20,12:26:33,Xiaomi Redmi Note 12,IMG_01061.jpg,Ankara
1062,2025-04-23,08:30:15,Samsung Galaxy A54,PHOTO_01062.jpg,Van
1063,2025-02-09,00:26:35,Poco X5 Pro,IMG_01063.jpg,Bursa
1064,2023-09-22,12:46:24,Tecno Camon 19 Pro,DSC_01064.jpg,Erzurum
1065,2024-10-21,15:17:24,Samsung Galaxy A54,PHOTO_01065.jpg,Igdir
1066,2024-08-29,13:32:02,Samsung Galaxy A34,DSC_01066.jpg,Bursa
1067,2023-01-15,08:56:16,General Mobile GM 22,IMG_01067.jpg,Igdir
1068,2024-01-17,02:18:48,Vestel Venus V7,DSC_01068.jpg,Igdir
1069,2024-02-06,00:16:46,Realme C55,IMG_01069.jpg,Erzurum
1070,2025-04-01,08:18:39,Xiaomi Redmi Note 12,PHOTO_01070.jpg,Diyarbakir
1071,2025-03-02,16:44:36,Poco X5 Pro,IMG_01071.jpg,Mersin
1072,2023-08-05,09:38:50,Huawei Nova Y90,PHOTO_01072.jpg,Van
1073,2024-09-12,23:08:17,Casper VIA G4,DSC_01073.jpg,Kayseri
1074,2024-01-09,23:42:38,Tecno Camon 19 Pro,IMG_01074.jpg,Antalya
1075,2023-10-01,03:05:23,Xiaomi Redmi Note 12,DSC_01075.jpg,Igdir
1076,2025-01-04,02:13:50,Huawei Nova Y90,DSC_01076.jpg,Gaziantep
1077,2023-03-24,22:16:49,Realme C55,IMG_01077.jpg,Igdir
1078,2023-12-17,11:51:38,Poco X5 Pro,IMG_01078.jpg,Diyarbakir
1079,2025-03-26,21:06:08,Xiaomi Redmi Note 12,DSC_01079.jpg,Erzurum
1080,2023-04-16,14:01:46,Oppo A77,PHOTO_01080.jpg,Gaziantep
1081,2023-10-08,23:09:49,Samsung Galaxy A54,PHOTO_01081.jpg,Kayseri
1082,2025-01-26,02:20:20,General Mobile GM 22,PHOTO_01082.jpg,Igdir
1083,2024-05-30,14:38:24,General Mobile GM 22,DSC_01083.jpg,Antalya
1084,2025-06-15,09:55:09,Samsung Galaxy A34,PHOTO_01084.jpg,Kayseri
1085,2023-07-04,14:18:28,Huawei Nova Y90,PHOTO_01085.jpg,Igdir
1086,2024-12-21,13:16:13,Huawei Nova Y90,IMG_01086.jpg,Diyarbakir
1087,2025-02-13,08:42:59,Casper VIA G4,PHOTO_01087.jpg,Diyarbakir
1088,2023-02-19,09:20:53,Samsung Galaxy A54,PHOTO_01088.jpg,Diyarbakir
1089,2025-05-31,22:51:42,Samsung Galaxy A34,PHOTO_01089.jpg,Ankara
1090,2025-02-12,19:42:14,Samsung Galaxy A34,PHOTO_01090.jpg,Izmir
1091,2024-09-26,17:03:23,Poco X5 Pro,DSC_01091.jpg,Ankara
1092,2024-08-27,05:45:35,Realme C55,PHOTO_01092.jpg,Izmir
1093,2023-12-04,14:29:31,Tecno Camon 19 Pro,PHOTO_01093.jpg,Bursa
1094,2025-01-24,04:40:06,General Mobile GM 22,IMG_01094.jpg,Gaziantep
1095,2024-07-17,12:44:01,Casper VIA G4,DSC_01095.jpg,Antalya
1096,2024-10-09,17:01:22,Realme C55,PHOTO_01096.jpg,Gaziantep
1097,2024-04-19,04:04:22,Realme C55,PHOTO_01097.jpg,Van
1098,2023-01-23,10:42:13,Samsung Galaxy A34,PHOTO_01098.jpg,Kayseri
1099,2024-09-30,23:31:29,General Mobile GM 22,DSC_01099.jpg,Van
1100,2025-04-04,10:16:08,Vestel Venus V7,DSC_01100.jpg,Ankara
1101,2023-07-03,22:04:30,Tecno Camon 19 Pro,DSC_01101.jpg,Igdir
1102,2023-02-17,19:31:37,General Mobile GM 22,PHOTO_01102.jpg,Erzurum
1103,2025-05-03,01:15:11,Xiaomi Redmi Note 12,IMG_01103.jpg,Mersin
1104,2024-09-06,21:32:26,Poco X5 Pro,IMG_01104.jpg,Izmir
1105,2024-03-20,19:46:45,Realme C55,DSC_01105.jpg,Van
1106,2024-11-30,18:23:09,Oppo A77,PHOTO_01106.jpg,Izmir
1107,2024-10-25,01:49:24,Poco X5 Pro,IMG_01107.jpg,Gaziantep
1108,2023-07-28,23:16:28,Samsung Galaxy A34,DSC_01108.jpg,Istanbul
1109,2023-03-15,11:38:12,Samsung Galaxy A34,PHOTO_01109.jpg,Igdir
1110,2023-01-12,01:03:35,Tecno Camon 19 Pro,PHOTO_01110.jpg,Antalya
1111,2024-09-11,09:06:24,Samsung Galaxy A34,IMG_01111.jpg,Van
1112,2023-05-09,03:08:21,Samsung Galaxy A34,DSC_01112.jpg,Diyarbakir
1113,2023-02-16,14:20:51,Samsung Galaxy A34,DSC_01113.jpg,Van
1114,2023-07-06,02:24:16,Oppo A77,DSC_01114.jpg,Van
1115,2023-03-03,09:31:49,General Mobile GM 22,PHOTO_01115.jpg,Antalya
1116,2024-10-21,11:44:48,Tecno Camon 19 Pro,DSC_01116.jpg,Gaziantep
1117,2024-02-20,07:57:16,Casper VIA G4,IMG_01117.jpg,Gaziantep
1118,2023-06-20,14:41:33,Xiaomi Redmi Note 12,DSC_01118.jpg,Igdir
1119,2024-08-25,09:41:41,Poco X5 Pro,IMG_01119.jpg,Ankara
1120,2023-05-30,06:21:16,General Mobile GM 22,DSC_01120.jpg,Diyarbakir
1121,2025-02-18,03:02:51,Huawei Nova Y90,DSC_01121.jpg,Istanbul
1122,2025-05-21,06:44:17,Casper VIA G4,PHOTO_01122.jpg,Igdir
1123,2024-01-16,03:28:31,Tecno Camon 19 Pro,DSC_01123.jpg,Igdir
1124,2024-03-15,18:16:17,Samsung Galaxy A54,PHOTO_01124.jpg,Gaziantep
1125,2024-06-01,08:01:20,Oppo A77,DSC_01125.jpg,Van
1126,2024-10-20,09:17:51,Realme C55,PHOTO_01126.jpg,Gaziantep
1127,2023-07-27,09:43:33,Xiaomi Redmi Note 12,IMG_01127.jpg,Diyarbakir
1128,2024-01-20,16:08:50,General Mobile GM 22,PHOTO_01128.jpg,Mersin
1129,2024-03-09,06:19:46,Xiaomi Redmi Note 12,PHOTO_01129.jpg,Antalya
1130,2023-10-18,03:56:00,Poco X5 Pro,DSC_01130.jpg,Igdir
1131,2023-07-30,22:34:13,Huawei Nova Y90,DSC_01131.jpg,Diyarbakir
1132,2023-05-22,22:10:07,Poco X5 Pro,IMG_01132.jpg,Erzurum
1133,2023-01-28,02:19:03,Xiaomi Redmi Note 12,IMG_01133.jpg,Antalya
1134,2023-12-05,00:59:15,Samsung Galaxy A54,DSC_01134.jpg,Ankara
1135,2023-07-20,19:51:20,General Mobile GM 22,PHOTO_01135.jpg,Diyarbakir
1136,2024-05-14,12:52:54,Oppo A77,PHOTO_01136.jpg,Ankara
1137,2024-08-02,12:40:24,Realme C55,IMG_01137.jpg,Van
1138,2023-01-25,05:03:01,Xiaomi Redmi Note 12,IMG_01138.jpg,Izmir
1139,2024-10-24,17:54:14,Xiaomi Redmi Note 12,PHOTO_01139.jpg,Ankara
1140,2024-05-01,09:14:56,Oppo A77,PHOTO_01140.jpg,Mersin
1141,2023-11-20,18:36:53,Samsung Galaxy A54,PHOTO_01141.jpg,Gaziantep
1142,2024-12-06,23:56:28,General Mobile GM 22,PHOTO_01142.jpg,Diyarbakir
1143,2025-02-11,13:13:01,Samsung Galaxy A34,IMG_01143.jpg,Erzurum
1144,2024-05-29,00:13:38,Realme C55,DSC_01144.jpg,Mersin
1145,2024-07-22,01:49:39,Xiaomi Redmi Note 12,IMG_01145.jpg,Van
1146,2023-07-25,10:13:31,Huawei Nova Y90,DSC_01146.jpg,Gaziantep
1147,2024-08-23,03:25:21,General Mobile GM 22,IMG_01147.jpg,Antalya
1148,2024-06-11,00:11:41,Samsung Galaxy A34,PHOTO_01148.jpg,Bursa
1149,2024-11-21,21:34:33,Poco X5 Pro,IMG_01149.jpg,Kayseri
1150,2023-06-30,07:31:42,Realme C55,PHOTO_01150.jpg,Diyarbakir
1151,2024-06-29,04:41:30,Vestel Venus V7,PHOTO_01151.jpg,Igdir
1152,2025-06-13,05:03:44,General Mobile GM 22,IMG_01152.jpg,Izmir
1153,2023-12-12,05:14:37,Samsung Galaxy A34,IMG_01153.jpg,Van
1154,2024-03-11,01:01:25,Casper VIA G4,IMG_01154.jpg,Gaziantep
1155,2024-01-04,05:04:31,Samsung Galaxy A34,DSC_01155.jpg,Igdir
1156,2023-11-09,16:10:49,Samsung Galaxy A34,DSC_01156.jpg,Bursa
1157,2024-05-21,08:12:25,Casper VIA G4,PHOTO_01157.jpg,Igdir
1158,2023-09-14,11:56:05,Samsung Galaxy A54,PHOTO_01158.jpg,Antalya
1159,2024-07-30,11:32:49,Xiaomi Redmi Note 12,DSC_01159.jpg,Diyarbakir
1160,2023-02-09,06:40:57,Huawei Nova Y90,PHOTO_01160.jpg,Antalya
1161,2023-10-02,10:26:38,Samsung Galaxy A54,IMG_01161.jpg,Ankara
1162,2024-08-28,03:07:40,Tecno Camon 19 Pro,IMG_01162.jpg,Gaziantep
1163,2025-02-16,10:00:56,Huawei Nova Y90,DSC_01163.jpg,Gaziantep
1164,2025-05-28,03:25:56,Oppo A77,PHOTO_01164.jpg,Ankara
1165,2023-02-07,20:12:32,Huawei Nova Y90,PHOTO_01165.jpg,Bursa
1166,2025-02-10,06:08:57,Samsung Galaxy A54,DSC_01166.jpg,Gaziantep
1167,2025-03-28,16:29:20,Oppo A77,DSC_01167.jpg,Mersin
1168,2024-08-29,16:28:32,Xiaomi Redmi Note 12,IMG_01168.jpg,Bursa
1169,2024-06-26,02:12:29,Casper VIA G4,IMG_01169.jpg,Ankara
1170,2024-04-14,15:51:28,Vestel Venus V7,DSC_01170.jpg,Igdir
1171,2025-04-13,00:03:35,General Mobile GM 22,PHOTO_01171.jpg,Ankara
1172,2025-01-13,06:31:25,Oppo A77,DSC_01172.jpg,Ankara
1173,2025-04-05,06:41:57,Casper VIA G4,PHOTO_01173.jpg,Igdir
1174,2023-09-11,19:41:50,Vestel Venus V7,DSC_01174.jpg,Ankara
1175,2023-08-17,03:33:56,General Mobile GM 22,PHOTO_01175.jpg,Izmir
1176,2024-04-06,03:44:41,Vestel Venus V7,PHOTO_01176.jpg,Ankara
1177,2024-01-24,07:58:20,General Mobile GM 22,IMG_01177.jpg,Erzurum
1178,2025-05-26,05:00:03,Huawei Nova Y90,PHOTO_01178.jpg,Izmir
1179,2024-06-05,05:22:20,Samsung Galaxy A34,PHOTO_01179.jpg,Izmir
1180,2024-01-31,03:16:01,Vestel Venus V7,IMG_01180.jpg,Diyarbakir
1181,2023-04-16,13:35:36,Oppo A77,IMG_01181.jpg,Bursa
1182,2023-12-21,01:49:51,Vestel Venus V7,DSC_01182.jpg,Ankara
1183,2025-01-26,02:50:48,Oppo A77,PHOTO_01183.jpg,Istanbul
1184,2025-05-10,02:48:04,Oppo A77,IMG_01184.jpg,Izmir
1185,2023-09-04,00:14:07,Samsung Galaxy A54,DSC_01185.jpg,Antalya
1186,2025-02-26,09:17:58,Samsung Galaxy A54,DSC_01186.jpg,Van
1187,2023-01-08,00:47:08,Tecno Camon 19 Pro,IMG_01187.jpg,Diyarbakir
1188,2024-06-16,00:41:36,Xiaomi Redmi Note 12,DSC_01188.jpg,Ankara
1189,2024-06-11,21:05:24,Vestel Venus V7,PHOTO_01189.jpg,Ankara
1190,2024-03-28,22:03:00,General Mobile GM 22,PHOTO_01190.jpg,Igdir
1191,2024-11-22,01:18:59,Tecno Camon 19 Pro,DSC_01191.jpg,Istanbul
1192,2024-11-27,23:28:06,Samsung Galaxy A34,DSC_01192.jpg,Igdir
1193,2023-03-18,07:33:59,General Mobile GM 22,PHOTO_01193.jpg,Igdir
1194,2023-04-03,12:01:14,Samsung Galaxy A54,DSC_01194.jpg,Van
1195,2023-11-21,13:09:54,Realme C55,DSC_01195.jpg,Antalya
1196,2025-01-13,00:09:00,Samsung Galaxy A34,IMG_01196.jpg,Igdir
1197,2024-03-10,07:30:18,General Mobile GM 22,IMG_01197.jpg,Ankara
1198,2023-07-11,04:08:33,Realme C55,IMG_01198.jpg,Igdir
1199,2023-12-10,13:17:34,Samsung Galaxy A34,DSC_01199.jpg,Igdir
1200,2023-08-12,12:43:36,Samsung Galaxy A54,DSC_01200.jpg,Igdir
1201,2023-04-07,09:28:09,Xiaomi Redmi Note 12,IMG_01201.jpg,Igdir
1202,2025-04-18,19:41:08,Tecno Camon 19 Pro,IMG_01202.jpg,Ankara
1203,2025-03-29,07:46:27,Samsung Galaxy A54,PHOTO_01203.jpg,Antalya
1204,2024-05-30,18:56:49,General Mobile GM 22,IMG_01204.jpg,Istanbul
1205,2024-03-28,04:54:35,Samsung Galaxy A34,PHOTO_01205.jpg,Igdir
1206,2023-11-08,01:20:02,Samsung Galaxy A34,IMG_01206.jpg,Izmir
1207,2024-11-23,23:46:59,Samsung Galaxy A34,DSC_01207.jpg,Ankara
1208,2024-04-16,11:58:27,Realme C55,DSC_01208.jpg,Istanbul
1209,2024-02-05,05:09:28,Poco X5 Pro,DSC_01209.jpg,Istanbul
1210,2023-08-24,21:38:38,Xiaomi Redmi Note 12,IMG_01210.jpg,Kayseri
1211,2024-08-09,03:17:19,Huawei Nova Y90,DSC_01211.jpg,Bursa
1212,2025-01-18,11:05:40,Huawei Nova Y90,IMG_01212.jpg,Antalya
1213,2023-01-18,00:00:20,Poco X5 Pro,PHOTO_01213.jpg,Bursa
1214,2024-03-26,21:15:27,Realme C55,IMG_01214.jpg,Ankara
1215,2023-05-06,12:22:02,Xiaomi Redmi Note 12,IMG_01215.jpg,Antalya
1216,2025-05-14,15:11:48,Vestel Venus V7,IMG_01216.jpg,Bursa
1217,2024-05-02,21:58:49,Xiaomi Redmi Note 12,DSC_01217.jpg,Izmir
1218,2025-02-12,00:37:49,Samsung Galaxy A34,PHOTO_01218.jpg,Antalya
1219,2023-05-25,23:22:13,Samsung Galaxy A34,DSC_01219.jpg,Van
1220,2024-04-19,04:15:42,Tecno Camon 19 Pro,PHOTO_01220.jpg,Igdir
1221,2024-06-14,20:16:35,Casper VIA G4,PHOTO_01221.jpg,Bursa
1222,2024-06-15,22:11:11,Samsung Galaxy A34,DSC_01222.jpg,Igdir
1223,2023-07-27,13:35:30,Xiaomi Redmi Note 12,DSC_01223.jpg,Diyarbakir
1224,2024-12-03,14:38:50,Samsung Galaxy A34,IMG_01224.jpg,Ankara
1225,2024-04-26,17:43:50,Xiaomi Redmi Note 12,PHOTO_01225.jpg,Istanbul
1226,2023-03-13,23:44:07,Samsung Galaxy A34,IMG_01226.jpg,Diyarbakir
1227,2025-02-09,08:50:45,General Mobile GM 22,IMG_01227.jpg,Mersin
1228,2023-08-18,01:43:41,General Mobile GM 22,IMG_01228.jpg,Van
1229,2023-07-13,09:24:42,Oppo A77,IMG_01229.jpg,Antalya
1230,2023-12-20,04:11:29,Xiaomi Redmi Note 12,DSC_01230.jpg,Antalya
1231,2025-04-26,07:04:48,General Mobile GM 22,IMG_01231.jpg,Izmir
1232,2025-01-24,01:00:17,Samsung Galaxy A34,IMG_01232.jpg,Ankara
1233,2023-04-23,14:10:58,Samsung Galaxy A34,PHOTO_01233.jpg,Ankara
1234,2023-07-02,13:19:13,Oppo A77,PHOTO_01234.jpg,Ankara
1235,2023-02-24,14:33:31,Oppo A77,IMG_01235.jpg,Van
1236,2024-05-09,00:21:15,Samsung Galaxy A34,IMG_01236.jpg,Bursa
1237,2024-05-06,19:56:49,Xiaomi Redmi Note 12,IMG_01237.jpg,Gaziantep
1238,2023-11-01,22:14:28,Casper VIA G4,PHOTO_01238.jpg,Ankara
1239,2023-08-10,05:34:53,Samsung Galaxy A34,DSC_01239.jpg,Ankara
1240,2025-03-15,04:47:19,Samsung Galaxy A54,DSC_01240.jpg,Istanbul
1241,2023-03-16,08:39:18,Samsung Galaxy A34,DSC_01241.jpg,Erzurum
1242,2024-04-20,20:21:21,Casper VIA G4,DSC_01242.jpg,Mersin
1243,2023-10-20,07:31:01,Oppo A77,IMG_01243.jpg,Istanbul
1244,2024-06-08,22:54:23,Casper VIA G4,DSC_01244.jpg,Mersin
1245,2023-02-09,02:21:33,Realme C55,DSC_01245.jpg,Antalya
1246,2024-02-13,02:37:13,General Mobile GM 22,DSC_01246.jpg,Bursa
1247,2023-01-08,23:51:18,Tecno Camon 19 Pro,DSC_01247.jpg,Antalya
1248,2024-11-26,21:12:36,Samsung Galaxy A34,DSC_01248.jpg,Antalya
1249,2024-09-02,12:43:51,Oppo A77,DSC_01249.jpg,Van
1250,2024-03-11,13:50:27,Poco X5 Pro,IMG_01250.jpg,Erzurum
1251,2023-11-06,19:34:43,Tecno Camon 19 Pro,DSC_01251.jpg,Istanbul
1252,2023-03-21,21:11:19,Casper VIA G4,IMG_01252.jpg,Van
1253,2023-01-19,17:09:45,Casper VIA G4,IMG_01253.jpg,Ankara
1254,2024-08-19,00:31:36,Oppo A77,PHOTO_01254.jpg,Igdir
1255,2024-04-20,00:06:58,Realme C55,DSC_01255.jpg,Ankara
1256,2023-08-12,10:46:01,Samsung Galaxy A34,PHOTO_01256.jpg,Gaziantep
1257,2023-03-12,16:20:03,General Mobile GM 22,PHOTO_01257.jpg,Igdir
1258,2024-12-19,06:46:33,Tecno Camon 19 Pro,PHOTO_01258.jpg,Gaziantep
1259,2023-09-09,18:03:32,General Mobile GM 22,PHOTO_01259.jpg,Ankara
1260,2023-01-08,13:29:24,Casper VIA G4,IMG_01260.jpg,Bursa
1261,2024-11-26,02:29:22,Tecno Camon 19 Pro,DSC_01261.jpg,Mersin
1262,2025-03-06,18:16:50,Realme C55,PHOTO_01262.jpg,Igdir
1263,2023-07-13,10:09:11,General Mobile GM 22,DSC_01263.jpg,Erzurum
1264,2023-09-19,00:00:44,General Mobile GM 22,DSC_01264.jpg,Mersin
1265,2023-04-13,12:55:31,Tecno Camon 19 Pro,PHOTO_01265.jpg,Antalya
1266,2024-12-10,20:42:56,Samsung Galaxy A34,IMG_01266.jpg,Istanbul
1267,2024-12-20,02:58:01,Huawei Nova Y90,PHOTO_01267.jpg,Van
1268,2023-09-17,16:57:13,Samsung Galaxy A34,PHOTO_01268.jpg,Gaziantep
1269,2024-12-13,23:44:47,General Mobile GM 22,IMG_01269.jpg,Erzurum
1270,2025-04-07,05:02:35,Samsung Galaxy A34,PHOTO_01270.jpg,Diyarbakir
1271,2024-07-03,22:54:37,Huawei Nova Y90,PHOTO_01271.jpg,Istanbul
1272,2024-01-24,01:54:40,Vestel Venus V7,IMG_01272.jpg,Van
1273,2025-06-01,00:37:17,Samsung Galaxy A34,PHOTO_01273.jpg,Ankara
1274,2024-01-14,23:15:42,Samsung Galaxy A34,DSC_01274.jpg,Bursa
1275,2024-07-04,12:19:11,Vestel Venus V7,PHOTO_01275.jpg,Van
1276,2024-09-22,19:13:51,Samsung Galaxy A34,PHOTO_01276.jpg,Mersin
1277,2025-01-05,15:42:13,Poco X5 Pro,DSC_01277.jpg,Ankara
1278,2023-07-15,00:03:29,Xiaomi Redmi Note 12,IMG_01278.jpg,Diyarbakir
1279,2024-05-16,15:26:53,Xiaomi Redmi Note 12,IMG_01279.jpg,Kayseri
1280,2024-05-29,17:29:57,Realme C55,DSC_01280.jpg,Van
1281,2024-07-08,11:12:33,Samsung Galaxy A54,DSC_01281.jpg,Mersin
1282,2023-01-14,01:26:47,General Mobile GM 22,PHOTO_01282.jpg,Igdir
1283,2023-01-13,23:23:13,Tecno Camon 19 Pro,PHOTO_01283.jpg,Diyarbakir
1284,2023-12-11,05:35:28,Tecno Camon 19 Pro,IMG_01284.jpg,Antalya
1285,2025-03-09,16:01:19,Oppo A77,PHOTO_01285.jpg,Ankara
1286,2024-07-29,21:22:48,Xiaomi Redmi Note 12,DSC_01286.jpg,Ankara
1287,2025-03-16,01:27:43,Huawei Nova Y90,PHOTO_01287.jpg,Antalya
1288,2023-03-12,16:54:56,Poco X5 Pro,DSC_01288.jpg,Igdir
1289,2024-11-25,09:07:22,Oppo A77,IMG_01289.jpg,Mersin
1290,2024-12-14,23:58:10,Tecno Camon 19 Pro,IMG_01290.jpg,Antalya
1291,2024-09-01,17:06:18,Huawei Nova Y90,IMG_01291.jpg,Ankara
1292,2023-12-24,20:15:22,Casper VIA G4,DSC_01292.jpg,Diyarbakir
1293,2025-02-23,19:18:36,Vestel Venus V7,IMG_01293.jpg,Bursa
1294,2024-01-16,15:46:22,Huawei Nova Y90,DSC_01294.jpg,Kayseri
1295,2023-06-08,08:38:54,Realme C55,DSC_01295.jpg,Erzurum
1296,2024-09-22,11:20:11,Samsung Galaxy A54,PHOTO_01296.jpg,Erzurum
1297,2024-09-11,18:15:02,Xiaomi Redmi Note 12,IMG_01297.jpg,Mersin
1298,2024-07-20,14:36:37,Realme C55,PHOTO_01298.jpg,Izmir
1299,2023-01-31,05:04:44,Realme C55,PHOTO_01299.jpg,Izmir
1300,2024-12-04,16:10:33,Samsung Galaxy A34,PHOTO_01300.jpg,Bursa
1301,2023-07-25,17:09:03,General Mobile GM 22,PHOTO_01301.jpg,Kayseri
1302,2024-12-16,02:02:04,Samsung Galaxy A54,PHOTO_01302.jpg,Diyarbakir
1303,2023-08-12,22:14:05,Xiaomi Redmi Note 12,DSC_01303.jpg,Igdir
1304,2023-01-19,01:07:16,Tecno Camon 19 Pro,IMG_01304.jpg,Mersin
1305,2024-02-17,11:28:25,Poco X5 Pro,IMG_01305.jpg,Van
1306,2025-03-28,23:00:54,Samsung Galaxy A54,PHOTO_01306.jpg,Ankara
1307,2023-09-30,05:51:58,Samsung Galaxy A54,PHOTO_01307.jpg,Diyarbakir
1308,2024-03-23,18:34:32,Vestel Venus V7,DSC_01308.jpg,Diyarbakir
1309,2023-04-11,13:46:48,Tecno Camon 19 Pro,IMG_01309.jpg,Diyarbakir
1310,2025-02-03,02:18:40,Samsung Galaxy A34,PHOTO_01310.jpg,Diyarbakir
1311,2023-11-12,14:23:02,Casper VIA G4,DSC_01311.jpg,Van
1312,2024-06-21,02:30:14,Realme C55,IMG_01312.jpg,Igdir
1313,2024-10-06,22:54:30,Vestel Venus V7,DSC_01313.jpg,Ankara
1314,2025-03-23,00:31:53,General Mobile GM 22,DSC_01314.jpg,Erzurum
1315,2024-06-03,21:27:09,Samsung Galaxy A34,PHOTO_01315.jpg,Izmir
1316,2024-06-14,00:01:00,Tecno Camon 19 Pro,PHOTO_01316.jpg,Bursa
1317,2024-03-30,00:09:38,Casper VIA G4,PHOTO_01317.jpg,Gaziantep
1318,2024-04-14,03:28:32,Samsung Galaxy A34,IMG_01318.jpg,Gaziantep
1319,2025-01-10,01:10:43,General Mobile GM 22,PHOTO_01319.jpg,Istanbul
1320,2024-12-01,07:28:37,Casper VIA G4,DSC_01320.jpg,Ankara
1321,2023-07-05,02:31:06,Vestel Venus V7,IMG_01321.jpg,Istanbul
1322,2024-09-13,00:46:13,Poco X5 Pro,DSC_01322.jpg,Igdir
1323,2023-09-03,07:37:01,Samsung Galaxy A34,IMG_01323.jpg,Bursa
1324,2024-10-19,05:57:08,Oppo A77,DSC_01324.jpg,Diyarbakir
1325,2023-09-18,07:10:56,Samsung Galaxy A54,DSC_01325.jpg,Izmir
1326,2024-09-02,23:25:46,Tecno Camon 19 Pro,DSC_01326.jpg,Izmir
1327,2023-09-22,11:35:31,Oppo A77,DSC_01327.jpg,Izmir
1328,2025-03-05,00:29:27,General Mobile GM 22,DSC_01328.jpg,Izmir
1329,2023-01-09,08:32:56,General Mobile GM 22,DSC_01329.jpg,Mersin
1330,2023-07-01,10:15:02,Vestel Venus V7,PHOTO_01330.jpg,Van
1331,2024-10-13,10:49:59,Tecno Camon 19 Pro,PHOTO_01331.jpg,Erzurum
1332,2024-04-11,23:26:46,Xiaomi Redmi Note 12,DSC_01332.jpg,Izmir
1333,2023-03-02,05:51:58,Samsung Galaxy A54,IMG_01333.jpg,Istanbul
1334,2024-04-23,18:18:40,Oppo A77,DSC_01334.jpg,Diyarbakir
1335,2025-01-26,21:28:44,Huawei Nova Y90,PHOTO_01335.jpg,Gaziantep
1336,2024-05-15,03:55:05,Oppo A77,DSC_01336.jpg,Igdir
1337,2023-08-27,07:49:18,Samsung Galaxy A54,IMG_01337.jpg,Ankara
1338,2023-09-28,21:45:48,Tecno Camon 19 Pro,PHOTO_01338.jpg,Antalya
1339,2024-03-23,19:06:57,Tecno Camon 19 Pro,PHOTO_01339.jpg,Erzurum
1340,2023-02-14,13:21:10,Casper VIA G4,PHOTO_01340.jpg,Antalya
1341,2023-04-04,05:37:32,Xiaomi Redmi Note 12,IMG_01341.jpg,Diyarbakir
1342,2025-04-09,05:09:55,Samsung Galaxy A54,PHOTO_01342.jpg,Diyarbakir
1343,2023-07-14,10:59:50,Casper VIA G4,IMG_01343.jpg,Igdir
1344,2024-07-12,00:03:03,Samsung Galaxy A34,IMG_01344.jpg,Erzurum
1345,2023-09-05,01:15:33,Casper VIA G4,DSC_01345.jpg,Ankara
1346,2023-09-04,02:09:19,Poco X5 Pro,IMG_01346.jpg,Ankara
1347,2023-10-15,18:04:28,Tecno Camon 19 Pro,DSC_01347.jpg,Igdir
1348,2025-02-01,11:09:27,General Mobile GM 22,IMG_01348.jpg,Istanbul
1349,2024-09-29,15:53:28,Oppo A77,IMG_01349.jpg,Van
1350,2025-02-22,14:18:49,Oppo A77,PHOTO_01350.jpg,Istanbul
1351,2024-02-05,10:23:09,Samsung Galaxy A34,PHOTO_01351.jpg,Istanbul
1352,2023-09-08,06:55:03,General Mobile GM 22,PHOTO_01352.jpg,Istanbul
1353,2025-04-16,09:25:33,General Mobile GM 22,DSC_01353.jpg,Gaziantep
1354,2024-10-22,00:19:06,Xiaomi Redmi Note 12,PHOTO_01354.jpg,Diyarbakir
1355,2023-06-02,06:58:06,Samsung Galaxy A34,IMG_01355.jpg,Mersin
1356,2023-07-01,00:13:26,Xiaomi Redmi Note 12,PHOTO_01356.jpg,Antalya
1357,2023-12-14,05:23:54,Oppo A77,IMG_01357.jpg,Van
1358,2023-08-18,02:43:21,Xiaomi Redmi Note 12,PHOTO_01358.jpg,Igdir
1359,2023-01-07,05:13:55,Samsung Galaxy A34,IMG_01359.jpg,Ankara
1360,2024-02-19,06:43:45,Xiaomi Redmi Note 12,DSC_01360.jpg,Igdir
1361,2023-07-22,02:25:38,Samsung Galaxy A54,PHOTO_01361.jpg,Izmir
1362,2024-04-16,04:55:53,Oppo A77,PHOTO_01362.jpg,Diyarbakir
1363,2025-02-21,12:14:03,Poco X5 Pro,DSC_01363.jpg,Mersin
1364,2023-03-01,10:50:30,Samsung Galaxy A34,DSC_01364.jpg,Ankara
1365,2025-01-15,17:26:06,General Mobile GM 22,IMG_01365.jpg,Erzurum
1366,2025-03-05,15:42:38,Poco X5 Pro,IMG_01366.jpg,Antalya
1367,2024-02-17,18:43:13,Oppo A77,IMG_01367.jpg,Van
1368,2024-11-26,16:44:59,Tecno Camon 19 Pro,DSC_01368.jpg,Van
1369,2024-02-14,20:50:53,Tecno Camon 19 Pro,DSC_01369.jpg,Bursa
1370,2023-12-02,16:22:29,General Mobile GM 22,IMG_01370.jpg,Bursa
1371,2023-11-13,05:14:04,Samsung Galaxy A54,PHOTO_01371.jpg,Van
1372,2024-09-04,13:10:54,Samsung Galaxy A54,IMG_01372.jpg,Antalya
1373,2023-05-24,10:53:02,Xiaomi Redmi Note 12,PHOTO_01373.jpg,Diyarbakir
1374,2024-11-26,16:22:57,Samsung Galaxy A54,PHOTO_01374.jpg,Bursa
1375,2023-11-10,01:20:04,Huawei Nova Y90,PHOTO_01375.jpg,Erzurum
1376,2023-03-26,22:44:26,Casper VIA G4,IMG_01376.jpg,Bursa
1377,2023-02-05,01:26:58,Samsung Galaxy A34,IMG_01377.jpg,Igdir
1378,2023-07-15,08:59:52,Poco X5 Pro,DSC_01378.jpg,Igdir
1379,2023-11-18,13:30:52,General Mobile GM 22,IMG_01379.jpg,Diyarbakir
1380,2025-04-17,08:55:50,Realme C55,PHOTO_01380.jpg,Bursa
1381,2024-09-19,21:12:19,Oppo A77,IMG_01381.jpg,Igdir
1382,2024-05-05,18:28:02,Huawei Nova Y90,IMG_01382.jpg,Kayseri
1383,2024-12-10,17:36:41,Oppo A77,PHOTO_01383.jpg,Antalya
1384,2023-02-17,07:19:44,Casper VIA G4,PHOTO_01384.jpg,Istanbul
1385,2024-07-22,03:10:49,Xiaomi Redmi Note 12,DSC_01385.jpg,Istanbul
1386,2023-05-22,16:32:39,General Mobile GM 22,DSC_01386.jpg,Antalya
1387,2023-08-06,20:14:09,Samsung Galaxy A54,IMG_01387.jpg,Antalya
1388,2024-10-21,23:00:29,Xiaomi Redmi Note 12,DSC_01388.jpg,Erzurum
1389,2023-03-28,01:51:05,Tecno Camon 19 Pro,PHOTO_01389.jpg,Igdir
1390,2023-10-24,08:09:30,Tecno Camon 19 Pro,IMG_01390.jpg,Igdir
1391,2025-03-12,12:01:05,General Mobile GM 22,IMG_01391.jpg,Ankara
1392,2023-11-04,09:37:52,Samsung Galaxy A54,DSC_01392.jpg,Ankara
1393,2023-06-10,11:47:42,Xiaomi Redmi Note 12,IMG_01393.jpg,Gaziantep
1394,2024-06-06,08:55:57,Samsung Galaxy A34,PHOTO_01394.jpg,Antalya
1395,2023-02-23,10:50:12,Xiaomi Redmi Note 12,IMG_01395.jpg,Van
1396,2025-03-19,19:09:53,Samsung Galaxy A34,DSC_01396.jpg,Izmir
1397,2024-01-16,10:50:01,Samsung Galaxy A34,DSC_01397.jpg,Kayseri
1398,2023-08-16,00:04:22,Vestel Venus V7,PHOTO_01398.jpg,Igdir
1399,2025-05-09,14:01:06,Huawei Nova Y90,IMG_01399.jpg,Mersin
1400,2024-12-28,09:09:58,Oppo A77,PHOTO_01400.jpg,Istanbul
1401,2024-07-25,07:02:17,Samsung Galaxy A54,PHOTO_01401.jpg,Ankara
1402,2023-07-02,13:21:19,Tecno Camon 19 Pro,DSC_01402.jpg,Diyarbakir
1403,2024-10-07,13:51:36,Samsung Galaxy A54,DSC_01403.jpg,Erzurum
1404,2025-03-08,23:42:39,Samsung Galaxy A54,PHOTO_01404.jpg,Istanbul
1405,2023-07-23,07:42:18,Vestel Venus V7,DSC_01405.jpg,Ankara
1406,2023-11-23,18:14:06,Xiaomi Redmi Note 12,IMG_01406.jpg,Mersin
1407,2024-04-01,11:22:44,General Mobile GM 22,IMG_01407.jpg,Van
1408,2023-07-29,03:44:40,General Mobile GM 22,IMG_01408.jpg,Van
1409,2024-09-25,18:03:21,Vestel Venus V7,IMG_01409.jpg,Gaziantep
1410,2023-12-15,22:31:59,Samsung Galaxy A34,IMG_01410.jpg,Igdir
1411,2024-04-05,23:12:00,Samsung Galaxy A34,IMG_01411.jpg,Gaziantep
1412,2024-03-14,18:52:34,Samsung Galaxy A34,IMG_01412.jpg,Bursa
1413,2025-04-14,03:30:31,Samsung Galaxy A54,PHOTO_01413.jpg,Igdir
1414,2025-02-03,20:39:54,General Mobile GM 22,PHOTO_01414.jpg,Ankara
1415,2023-04-21,13:53:46,Samsung Galaxy A34,IMG_01415.jpg,Istanbul
1416,2024-05-13,02:42:51,Samsung Galaxy A54,PHOTO_01416.jpg,Istanbul
1417,2024-04-17,01:29:42,Samsung Galaxy A54,DSC_01417.jpg,Mersin
1418,2025-03-07,03:48:02,General Mobile GM 22,DSC_01418.jpg,Ankara
1419,2024-06-30,19:10:03,Oppo A77,PHOTO_01419.jpg,Erzurum
1420,2024-06-06,20:09:08,Samsung Galaxy A54,DSC_01420.jpg,Izmir
1421,2024-01-18,19:13:13,Samsung Galaxy A54,DSC_01421.jpg,Kayseri
1422,2023-06-03,23:54:42,General Mobile GM 22,PHOTO_01422.jpg,Ankara
1423,2024-12-18,09:09:34,Samsung Galaxy A54,IMG_01423.jpg,Ankara
1424,2024-05-18,04:50:55,Oppo A77,PHOTO_01424.jpg,Bursa
1425,2024-09-12,20:31:20,Realme C55,DSC_01425.jpg,Igdir
1426,2024-03-23,15:47:05,Xiaomi Redmi Note 12,PHOTO_01426.jpg,Antalya
1427,2025-06-07,15:12:38,General Mobile GM 22,DSC_01427.jpg,Igdir
1428,2024-09-09,23:04:29,Casper VIA G4,IMG_01428.jpg,Gaziantep
1429,2024-06-08,07:06:15,General Mobile GM 22,DSC_01429.jpg,Igdir
1430,2025-05-10,02:00:00,Realme C55,DSC_01430.jpg,Bursa
1431,2024-05-22,19:33:06,Casper VIA G4,DSC_01431.jpg,Igdir
1432,2023-08-18,23:39:19,Samsung Galaxy A34,DSC_01432.jpg,Izmir
1433,2025-05-16,04:00:48,Tecno Camon 19 Pro,PHOTO_01433.jpg,Gaziantep
1434,2023-01-01,23:40:36,Samsung Galaxy A54,DSC_01434.jpg,Igdir
1435,2025-01-17,15:45:43,Casper VIA G4,DSC_01435.jpg,Ankara
1436,2025-06-08,03:25:37,Tecno Camon 19 Pro,PHOTO_01436.jpg,Kayseri
1437,2024-09-25,07:11:56,Xiaomi Redmi Note 12,DSC_01437.jpg,Van
1438,2025-03-17,14:44:33,Poco X5 Pro,IMG_01438.jpg,Igdir
1439,2023-02-23,14:21:49,General Mobile GM 22,PHOTO_01439.jpg,Istanbul
1440,2024-12-04,14:48:30,General Mobile GM 22,PHOTO_01440.jpg,Diyarbakir
1441,2025-02-13,04:07:05,Poco X5 Pro,DSC_01441.jpg,Istanbul
1442,2025-06-02,07:47:10,Xiaomi Redmi Note 12,PHOTO_01442.jpg,Van
1443,2023-02-03,11:15:47,Xiaomi Redmi Note 12,PHOTO_01443.jpg,Istanbul
1444,2023-05-24,02:06:56,Samsung Galaxy A54,IMG_01444.jpg,Izmir
1445,2025-02-19,10:14:11,Huawei Nova Y90,PHOTO_01445.jpg,Igdir
1446,2023-04-07,01:17:44,Poco X5 Pro,PHOTO_01446.jpg,Ankara
1447,2024-07-15,09:14:12,Realme C55,DSC_01447.jpg,Antalya
1448,2025-05-20,23:45:15,Oppo A77,PHOTO_01448.jpg,Igdir
1449,2024-11-20,16:44:09,Samsung Galaxy A34,PHOTO_01449.jpg,Izmir
1450,2025-02-12,09:57:59,Tecno Camon 19 Pro,IMG_01450.jpg,Diyarbakir
1451,2024-12-06,18:51:01,Casper VIA G4,PHOTO_01451.jpg,Ankara
1452,2023-05-16,19:00:08,Realme C55,PHOTO_01452.jpg,Gaziantep
1453,2024-01-13,12:25:52,Vestel Venus V7,IMG_01453.jpg,Erzurum
1454,2024-03-04,14:54:00,General Mobile GM 22,DSC_01454.jpg,Gaziantep
1455,2023-06-12,05:54:55,Samsung Galaxy A54,PHOTO_01455.jpg,Diyarbakir
1456,2024-01-18,08:06:20,Samsung Galaxy A54,IMG_01456.jpg,Igdir
1457,2025-03-01,05:03:12,General Mobile GM 22,PHOTO_01457.jpg,Diyarbakir
1458,2023-04-19,22:58:18,Casper VIA G4,IMG_01458.jpg,Van
1459,2024-10-11,09:10:43,General Mobile GM 22,PHOTO_01459.jpg,Igdir
1460,2023-03-31,17:17:37,General Mobile GM 22,PHOTO_01460.jpg,Bursa
1461,2023-08-10,11:05:40,Poco X5 Pro,DSC_01461.jpg,Bursa
1462,2025-03-28,04:02:38,Samsung Galaxy A54,IMG_01462.jpg,Bursa
1463,2023-06-21,17:29:54,Samsung Galaxy A54,DSC_01463.jpg,Ankara
1464,2025-02-01,05:55:21,Samsung Galaxy A34,DSC_01464.jpg,Kayseri
1465,2023-06-11,21:53:05,Samsung Galaxy A54,IMG_01465.jpg,Erzurum
1466,2023-03-30,09:07:06,Huawei Nova Y90,DSC_01466.jpg,Istanbul
1467,2023-04-08,10:07:02,Tecno Camon 19 Pro,PHOTO_01467.jpg,Van
1468,2024-07-17,11:30:24,Samsung Galaxy A54,IMG_01468.jpg,Ankara
1469,2024-11-30,22:34:22,Huawei Nova Y90,DSC_01469.jpg,Igdir
1470,2024-10-18,04:27:39,Realme C55,IMG_01470.jpg,Ankara
1471,2025-03-26,07:15:35,Huawei Nova Y90,DSC_01471.jpg,Ankara
1472,2023-01-04,05:48:16,Huawei Nova Y90,IMG_01472.jpg,Diyarbakir
1473,2024-03-19,14:18:06,Samsung Galaxy A54,PHOTO_01473.jpg,Antalya
1474,2023-01-22,15:03:08,Casper VIA G4,IMG_01474.jpg,Ankara
1475,2023-12-17,04:09:27,Xiaomi Redmi Note 12,IMG_01475.jpg,Bursa
1476,2024-10-06,04:39:17,Oppo A77,DSC_01476.jpg,Ankara
1477,2023-07-17,05:17:05,Xiaomi Redmi Note 12,DSC_01477.jpg,Izmir
1478,2023-05-17,18:12:10,Oppo A77,DSC_01478.jpg,Mersin
1479,2025-03-16,04:57:39,Samsung Galaxy A54,PHOTO_01479.jpg,Gaziantep
1480,2025-03-12,23:35:02,General Mobile GM 22,IMG_01480.jpg,Bursa
1481,2023-08-08,15:16:12,General Mobile GM 22,PHOTO_01481.jpg,Izmir
1482,2025-05-24,07:35:10,Oppo A77,DSC_01482.jpg,Erzurum
1483,2023-11-07,12:50:57,Poco X5 Pro,PHOTO_01483.jpg,Diyarbakir
1484,2024-01-01,02:41:12,Huawei Nova Y90,PHOTO_01484.jpg,Antalya
1485,2024-07-19,14:52:05,Realme C55,PHOTO_01485.jpg,Ankara
1486,2023-06-21,06:41:24,Samsung Galaxy A34,PHOTO_01486.jpg,Erzurum
1487,2025-04-22,02:31:36,Samsung Galaxy A34,PHOTO_01487.jpg,Diyarbakir
1488,2024-03-14,22:58:19,Xiaomi Redmi Note 12,IMG_01488.jpg,Van
1489,2023-06-28,20:13:04,Poco X5 Pro,DSC_01489.jpg,Antalya
1490,2023-05-30,15:16:25,Xiaomi Redmi Note 12,DSC_01490.jpg,Antalya
1491,2023-02-26,12:02:02,Samsung Galaxy A34,IMG_01491.jpg,Antalya
1492,2025-06-19,01:14:00,Samsung Galaxy A54,IMG_01492.jpg,Istanbul
1493,2024-01-10,23:48:39,Xiaomi Redmi Note 12,DSC_01493.jpg,Antalya
1494,2024-11-09,02:12:30,Casper VIA G4,IMG_01494.jpg,Bursa
1495,2023-04-20,12:52:15,Tecno Camon 19 Pro,IMG_01495.jpg,Istanbul
1496,2024-01-27,20:26:18,Vestel Venus V7,PHOTO_01496.jpg,Bursa
1497,2023-08-13,18:23:35,General Mobile GM 22,PHOTO_01497.jpg,Ankara
1498,2024-11-13,16:34:36,Tecno Camon 19 Pro,IMG_01498.jpg,Diyarbakir
1499,2024-11-16,13:18:52,Samsung Galaxy A34,DSC_01499.jpg,Kayseri
1500,2025-04-18,06:55:28,Xiaomi Redmi Note 12,PHOTO_01500.jpg,Bursa
